temperature_midi,humidity_midi,wind_midi,wind_norm,pressure_midi,rain_hits
65.15384615384616,59.15384615384615,38.61538461538461,0.2325,47.0,0
67.15384615384616,57.92307692307692,38.15384615384615,0.2325,47.0,0
66.53846153846153,58.53846153846154,38.61538461538461,0.325,47.0,0
67.76923076923077,58.23076923076923,39.23076923076923,0.325,47.0,0
67.61538461538461,59.38461538461539,40.92307692307692,0.4175,47.0,13
68.6923076923077,59.0,40.69230769230769,0.4625,47.0,4
68.38461538461539,58.23076923076923,41.61538461538461,0.4625,45.92307692307692,0
69.0,59.0,44.23076923076923,0.6475,43.61538461538461,10
69.0,58.84615384615385,46.53846153846154,1.0,40.92307692307692,9
67.46153846153847,56.53846153846154,51.23076923076923,1.0,38.0,6
67.0,57.0,49.07692307692308,0.8324999999999999,39.53846153846154,0
67.0,56.38461538461539,46.69230769230769,0.74,42.92307692307692,0
67.0,56.38461538461539,45.15384615384615,0.74,45.0,1
67.76923076923077,59.0,43.46153846153846,0.5549999999999999,45.15384615384615,5
69.0,58.53846153846154,43.61538461538461,0.5549999999999999,46.53846153846154,3
68.38461538461539,57.30769230769231,43.46153846153846,0.51,45.46153846153846,0
66.84615384615384,59.0,40.46153846153846,0.4625,46.53846153846154,0
66.38461538461539,57.92307692307692,41.92307692307692,0.51,47.0,0
67.0,58.53846153846154,43.0,0.4175,47.0,0
68.38461538461539,57.61538461538461,44.38461538461539,0.6475,47.0,0
67.0,59.0,41.38461538461539,0.4175,47.92307692307692,0
67.76923076923077,57.76923076923077,41.84615384615385,0.4625,50.0,0
65.92307692307692,59.0,40.0,0.325,50.0,0
67.61538461538461,58.0,39.23076923076923,0.27749999999999997,50.0,0
65.3076923076923,59.53846153846154,38.92307692307692,0.2325,50.0,0
67.46153846153847,58.46153846153846,38.0,0.185,50.0,0
65.92307692307692,59.76923076923077,38.0,0.185,50.0,0
66.6923076923077,59.30769230769231,38.46153846153846,0.2325,50.0,0
65.92307692307692,59.0,38.15384615384615,0.2325,50.0,0
65.76923076923077,58.84615384615385,38.0,0.185,50.0,0
66.23076923076923,58.38461538461539,38.30769230769231,0.2325,50.0,0
64.76923076923077,59.76923076923077,38.92307692307692,0.2325,50.0,0
65.92307692307692,58.23076923076923,38.46153846153846,0.2325,47.92307692307692,0
64.92307692307692,59.53846153846154,38.15384615384615,0.2325,47.0,0
66.23076923076923,58.46153846153846,38.0,0.185,47.0,0
65.15384615384616,59.07692307692308,38.0,0.185,47.0,0
67.0,57.30769230769231,39.84615384615385,0.325,46.23076923076923,0
67.0,58.38461538461539,40.92307692307692,0.4625,44.23076923076923,0
67.0,59.30769230769231,41.69230769230769,0.4625,40.92307692307692,16
67.0,59.69230769230769,38.0,0.185,40.0,2
66.23076923076923,59.69230769230769,38.61538461538461,0.27749999999999997,39.84615384615385,0
66.23076923076923,59.46153846153846,40.61538461538461,0.4175,38.0,7
65.92307692307692,59.0,43.0,0.4625,39.69230769230769,2
66.23076923076923,57.92307692307692,41.07692307692308,0.4625,40.0,0
65.0,59.30769230769231,38.76923076923077,0.325,40.0,2
65.76923076923077,57.46153846153846,42.76923076923077,0.4625,40.0,7
65.0,58.84615384615385,43.0,0.4625,40.0,0
65.0,57.61538461538461,45.0,0.6025,40.0,10
65.0,57.76923076923077,45.0,0.6025,41.84615384615385,6
64.6923076923077,55.76923076923077,44.07692307692308,0.6475,43.0,0
64.3076923076923,57.15384615384615,43.76923076923077,0.51,43.0,1
65.0,58.07692307692308,44.23076923076923,0.5549999999999999,40.69230769230769,8
65.61538461538461,57.0,43.30769230769231,0.51,42.30769230769231,0
65.0,57.92307692307692,39.76923076923077,0.4625,42.76923076923077,7
66.38461538461539,57.46153846153846,47.07692307692308,0.7875,40.69230769230769,0
65.15384615384616,57.46153846153846,40.69230769230769,0.4625,41.61538461538461,0
65.92307692307692,57.30769230769231,42.15384615384615,0.51,40.0,0
64.15384615384616,59.15384615384615,39.69230769230769,0.27749999999999997,41.84615384615385,0
65.23076923076923,58.61538461538461,40.07692307692308,0.4625,43.0,0
66.84615384615384,59.0,43.0,0.4625,40.46153846153846,4
67.15384615384616,59.0,43.92307692307692,0.5549999999999999,40.0,0
67.0,57.76923076923077,45.84615384615385,0.7875,40.0,7
65.61538461538461,57.61538461538461,42.07692307692308,0.6950000000000001,42.07692307692308,0
65.46153846153847,58.53846153846154,41.61538461538461,0.5549999999999999,43.0,0
65.61538461538461,57.92307692307692,43.46153846153846,0.5549999999999999,43.0,3
68.23076923076923,59.0,48.0,0.7875,43.0,0
69.0,58.23076923076923,48.92307692307692,0.8800000000000001,43.0,8
68.84615384615384,58.84615384615385,43.92307692307692,0.5549999999999999,43.0,8
67.0,59.0,38.61538461538461,0.325,43.0,1
68.53846153846153,59.23076923076923,39.53846153846154,0.325,43.0,5
67.46153846153847,59.0,39.07692307692308,0.2325,43.0,0
67.61538461538461,59.23076923076923,38.92307692307692,0.27749999999999997,43.0,0
67.0,59.46153846153846,38.0,0.185,43.0,0
67.0,59.23076923076923,38.46153846153846,0.2325,43.0,5
67.0,59.0,38.46153846153846,0.325,44.23076923076923,0
65.76923076923077,58.84615384615385,39.38461538461539,0.325,45.0,0
65.76923076923077,59.0,38.92307692307692,0.325,45.0,0
67.0,59.0,38.61538461538461,0.27749999999999997,43.61538461538461,7
67.0,58.69230769230769,40.38461538461539,0.37,43.0,2
65.0,59.0,38.46153846153846,0.2325,43.0,0
65.92307692307692,59.07692307692308,40.76923076923077,0.4625,41.84615384615385,12
67.0,58.53846153846154,43.07692307692308,0.51,40.23076923076923,6
66.6923076923077,58.69230769230769,39.07692307692308,0.325,43.0,3
65.0,59.92307692307692,40.69230769230769,0.4175,43.0,20
65.0,59.0,41.84615384615385,0.4625,44.53846153846154,15
65.0,58.69230769230769,44.07692307692308,0.6475,45.0,13
65.0,57.0,47.46153846153846,0.7875,45.0,6
65.0,58.53846153846154,45.0,0.6950000000000001,45.0,10
65.0,58.07692307692308,41.38461538461539,0.4625,45.0,1
64.76923076923077,57.92307692307692,39.38461538461539,0.27749999999999997,45.0,0
64.15384615384616,58.38461538461539,42.53846153846154,0.4175,46.07692307692308,0
64.23076923076923,57.46153846153846,41.84615384615385,0.37,47.0,0
62.30769230769231,58.69230769230769,39.69230769230769,0.27749999999999997,46.69230769230769,1
63.84615384615385,59.46153846153846,38.84615384615385,0.37,45.0,13
64.0,59.15384615384615,44.23076923076923,0.5549999999999999,45.0,11
63.23076923076923,57.15384615384615,43.0,0.4625,45.0,4
62.30769230769231,57.15384615384615,43.61538461538461,0.51,45.0,1
63.84615384615385,58.23076923076923,41.61538461538461,0.4625,46.07692307692308,12
62.46153846153846,58.53846153846154,40.0,0.325,47.0,2
64.0,57.76923076923077,41.38461538461539,0.4175,46.38461538461539,2
64.46153846153847,59.0,40.92307692307692,0.4625,45.0,4
64.07692307692308,59.07692307692308,38.15384615384615,0.2325,43.46153846153846,0
64.61538461538461,59.0,39.23076923076923,0.325,40.23076923076923,8
64.0,59.07692307692308,39.30769230769231,0.37,40.0,6
64.92307692307692,58.84615384615385,43.15384615384615,0.51,41.38461538461539,13
64.0,59.0,43.0,0.4175,44.23076923076923,13
64.38461538461539,58.07692307692308,40.69230769230769,0.37,45.76923076923077,1
62.46153846153846,59.0,39.53846153846154,0.27749999999999997,46.69230769230769,0
64.6923076923077,59.0,42.84615384615385,0.51,44.84615384615385,7
67.0,59.0,45.15384615384615,0.6950000000000001,43.0,0
67.46153846153847,57.61538461538461,49.76923076923077,0.925,43.0,0
66.53846153846153,57.0,50.46153846153846,0.9724999999999999,42.76923076923077,2
65.0,57.0,46.84615384615385,0.8800000000000001,42.30769230769231,2
64.53846153846153,59.0,39.61538461538461,0.4175,43.0,8
64.07692307692308,58.38461538461539,44.84615384615385,0.6025,43.0,8
64.07692307692308,57.0,42.38461538461539,0.6025,44.53846153846154,0
64.46153846153847,58.69230769230769,41.61538461538461,0.4175,42.23076923076923,7
66.38461538461539,59.0,40.46153846153846,0.37,39.23076923076923,13
65.76923076923077,57.61538461538461,44.07692307692308,0.6025,39.38461538461539,3
65.0,57.76923076923077,41.38461538461539,0.4175,42.30769230769231,0
64.15384615384616,59.0,38.30769230769231,0.27749999999999997,43.0,0
64.46153846153847,58.38461538461539,40.0,0.325,43.0,0
64.53846153846153,59.0,40.0,0.27749999999999997,41.15384615384615,1
64.84615384615384,59.30769230769231,39.53846153846154,0.27749999999999997,41.61538461538461,11
64.3076923076923,59.38461538461539,40.46153846153846,0.37,43.0,4
65.0,59.0,43.46153846153846,0.6025,39.38461538461539,9
65.0,59.0,38.30769230769231,0.2325,39.07692307692308,5
65.0,59.46153846153846,38.92307692307692,0.2325,40.69230769230769,0
65.0,59.07692307692308,38.84615384615385,0.37,41.15384615384615,7
65.0,58.69230769230769,44.38461538461539,0.6475,40.0,2
66.38461538461539,57.30769230769231,43.07692307692308,0.5549999999999999,43.0,0
65.92307692307692,59.0,39.30769230769231,0.37,42.07692307692308,8
67.61538461538461,57.61538461538461,48.46153846153846,1.0,40.0,2
67.0,57.0,50.46153846153846,1.0,42.30769230769231,0
67.0,57.0,47.69230769230769,0.925,44.23076923076923,0
67.0,57.0,46.23076923076923,0.6950000000000001,45.0,0
65.46153846153847,57.30769230769231,43.07692307692308,0.5549999999999999,45.0,0
65.0,58.53846153846154,39.69230769230769,0.27749999999999997,45.0,2
65.0,58.69230769230769,40.0,0.325,46.07692307692308,0
65.3076923076923,57.0,45.38461538461539,0.8324999999999999,46.07692307692308,0
67.0,57.46153846153846,50.92307692307692,0.9724999999999999,45.0,0
67.0,57.61538461538461,50.0,0.925,43.46153846153846,0
66.53846153846153,59.0,44.69230769230769,0.8800000000000001,43.0,8
64.92307692307692,59.53846153846154,38.76923076923077,0.2325,43.0,13
64.0,59.23076923076923,38.76923076923077,0.2325,43.61538461538461,2
64.0,59.0,39.38461538461539,0.2325,45.0,0
64.38461538461539,58.84615384615385,42.23076923076923,0.6025,44.07692307692308,4
66.38461538461539,59.0,45.0,0.6950000000000001,42.76923076923077,13
65.15384615384616,58.07692307692308,41.15384615384615,0.4625,42.76923076923077,2
65.0,58.07692307692308,42.76923076923077,0.74,40.69230769230769,3
65.0,57.0,48.07692307692308,0.8324999999999999,43.30769230769231,0
65.0,58.23076923076923,41.53846153846154,0.51,45.0,0
64.6923076923077,58.84615384615385,39.23076923076923,0.27749999999999997,45.0,0
65.0,59.0,40.0,0.27749999999999997,45.0,0
65.0,59.15384615384615,40.0,0.325,45.0,3
65.0,59.53846153846154,42.76923076923077,0.4175,45.0,10
65.0,59.0,40.0,0.37,45.0,0
65.0,59.0,39.38461538461539,0.325,46.23076923076923,0
65.0,59.0,41.15384615384615,0.37,48.61538461538461,0
65.0,57.0,40.0,0.27749999999999997,50.15384615384615,0
64.23076923076923,57.0,40.0,0.325,52.0,0
64.38461538461539,57.30769230769231,41.84615384615385,0.4175,50.0,0
64.38461538461539,57.30769230769231,41.61538461538461,0.4175,50.0,0
64.61538461538461,58.53846153846154,40.0,0.325,50.0,0
64.0,59.0,39.23076923076923,0.2325,50.61538461538461,0
64.6923076923077,59.0,40.69230769230769,0.37,52.0,0
64.0,58.84615384615385,39.46153846153846,0.37,50.30769230769231,0
64.46153846153847,58.07692307692308,38.0,0.185,50.0,0
64.0,59.0,39.53846153846154,0.2325,50.0,0
64.23076923076923,59.0,40.0,0.325,50.0,1
64.0,58.53846153846154,40.0,0.27749999999999997,50.0,0
63.07692307692308,58.07692307692308,40.0,0.325,50.0,0
62.76923076923077,58.69230769230769,42.76923076923077,0.51,48.15384615384615,0
64.0,57.15384615384615,44.84615384615385,0.6025,45.0,0
64.0,56.53846153846154,45.76923076923077,0.6475,43.0,0
62.30769230769231,57.0,45.15384615384615,0.6475,43.0,0
62.92307692307692,56.38461538461539,43.46153846153846,0.5549999999999999,43.0,0
62.0,57.0,44.84615384615385,0.5549999999999999,43.0,0
62.61538461538461,56.23076923076923,44.23076923076923,0.5549999999999999,44.84615384615385,5
62.0,57.0,43.61538461538461,0.51,45.0,0
61.84615384615385,56.38461538461539,43.15384615384615,0.51,45.0,0
62.0,57.15384615384615,42.30769230769231,0.4175,45.0,6
62.0,57.30769230769231,40.0,0.325,45.0,2
62.46153846153846,59.0,39.38461538461539,0.325,44.69230769230769,0
64.0,59.0,43.0,0.4175,41.84615384615385,6
64.0,57.46153846153846,44.38461538461539,0.5549999999999999,42.53846153846154,0
63.07692307692308,59.23076923076923,40.23076923076923,0.4625,43.0,0
62.61538461538461,59.15384615384615,38.0,0.185,42.76923076923077,0
63.69230769230769,59.0,41.38461538461539,0.4175,40.0,9
64.0,59.0,40.0,0.325,42.76923076923077,11
62.15384615384615,59.23076923076923,38.15384615384615,0.2325,44.84615384615385,0
62.76923076923077,59.07692307692308,38.46153846153846,0.27749999999999997,45.0,0
63.38461538461539,59.0,42.84615384615385,0.6025,44.69230769230769,5
64.53846153846153,59.0,47.0,0.74,41.15384615384615,11
65.15384615384616,57.46153846153846,46.30769230769231,0.7875,40.0,0
65.15384615384616,58.69230769230769,41.69230769230769,0.5549999999999999,40.46153846153846,0
65.0,59.0,39.53846153846154,0.325,43.0,7
64.07692307692308,58.69230769230769,41.61538461538461,0.37,43.0,0
64.07692307692308,58.07692307692308,41.15384615384615,0.37,43.76923076923077,0
64.0,58.07692307692308,40.46153846153846,0.37,42.07692307692308,0
64.53846153846153,57.61538461538461,39.23076923076923,0.27749999999999997,42.76923076923077,0
63.07692307692308,59.0,38.15384615384615,0.2325,42.30769230769231,0
63.69230769230769,59.07692307692308,38.0,0.185,43.61538461538461,0
64.15384615384616,59.0,38.0,0.185,45.0,9
64.53846153846153,59.0,38.0,0.1375,45.92307692307692,3
64.15384615384616,59.30769230769231,38.0,0.1375,47.0,1
64.6923076923077,59.53846153846154,38.0,0.185,45.0,13
64.3076923076923,59.69230769230769,38.0,0.1375,45.0,11
65.0,59.0,38.61538461538461,0.2325,45.0,0
65.0,58.69230769230769,41.38461538461539,0.4625,44.23076923076923,0
65.0,59.0,43.38461538461539,0.51,42.07692307692308,5
65.0,59.0,42.07692307692308,0.5549999999999999,40.0,7
65.0,59.07692307692308,45.0,0.6025,40.0,10
64.92307692307692,59.0,45.92307692307692,0.74,40.0,13
65.0,59.0,46.38461538461539,0.74,40.0,13
65.0,59.0,45.92307692307692,0.6950000000000001,40.0,13
65.0,59.0,45.0,0.6025,40.0,7
65.0,58.38461538461539,45.15384615384615,0.6475,40.0,3
64.92307692307692,59.0,45.92307692307692,0.6475,40.69230769230769,6
64.3076923076923,59.0,42.46153846153846,0.51,43.0,8
64.0,59.0,40.0,0.325,43.0,2
64.0,57.15384615384615,42.61538461538461,0.6025,42.07692307692308,0
64.07692307692308,58.84615384615385,48.15384615384615,0.7875,39.07692307692308,16
64.53846153846153,59.0,42.07692307692308,0.6475,38.92307692307692,4
64.46153846153847,59.0,38.0,0.185,40.46153846153846,0
64.0,59.0,38.76923076923077,0.27749999999999997,43.0,0
64.0,58.38461538461539,42.30769230769231,0.4175,42.53846153846154,0
64.0,57.61538461538461,43.0,0.4625,40.0,4
64.61538461538461,59.0,44.07692307692308,0.5549999999999999,40.0,13
65.0,59.0,44.23076923076923,0.6025,40.23076923076923,8
65.0,58.38461538461539,40.46153846153846,0.37,43.0,1
64.92307692307692,59.0,39.23076923076923,0.2325,43.0,2
64.38461538461539,59.46153846153846,40.0,0.27749999999999997,43.0,0
64.46153846153847,59.38461538461539,43.69230769230769,0.5549999999999999,43.0,4
64.0,59.0,45.0,0.5549999999999999,43.0,1
64.0,59.0,45.0,0.6025,43.0,6
64.0,59.92307692307692,43.46153846153846,0.51,41.61538461538461,13
64.07692307692308,59.46153846153846,43.0,0.4175,40.0,5
64.0,59.0,40.0,0.325,40.0,6
64.0,59.0,42.30769230769231,0.4175,40.23076923076923,10
64.0,59.0,40.92307692307692,0.4175,43.0,13
64.0,59.0,43.0,0.4625,41.38461538461539,13
64.0,59.0,43.0,0.4625,42.53846153846154,7
63.38461538461539,59.0,43.0,0.4625,43.0,13
63.53846153846154,59.07692307692308,43.0,0.4625,43.0,3
63.23076923076923,59.07692307692308,42.76923076923077,0.4175,43.0,9
64.0,57.92307692307692,43.76923076923077,0.6025,43.0,3
64.61538461538461,58.53846153846154,42.38461538461539,0.5549999999999999,41.15384615384615,1
65.0,59.0,43.0,0.4175,39.53846153846154,13
64.92307692307692,59.69230769230769,42.76923076923077,0.37,38.0,13
64.84615384615384,59.84615384615385,43.0,0.4175,38.0,13
64.0,59.84615384615385,42.30769230769231,0.4175,38.0,13
63.84615384615385,58.07692307692308,43.0,0.4625,39.84615384615385,11
62.30769230769231,58.69230769230769,40.46153846153846,0.4175,40.0,0
63.07692307692308,58.07692307692308,40.92307692307692,0.4175,42.92307692307692,3
62.46153846153846,58.38461538461539,40.0,0.325,45.0,0
64.0,56.84615384615385,40.46153846153846,0.4175,44.53846153846154,2
64.3076923076923,59.0,42.53846153846154,0.4625,41.61538461538461,6
64.07692307692308,59.0,40.0,0.27749999999999997,40.0,3
64.53846153846153,57.92307692307692,42.53846153846154,0.51,40.0,0
63.23076923076923,58.07692307692308,43.92307692307692,0.51,43.30769230769231,0
63.53846153846154,55.92307692307692,41.38461538461539,0.4625,45.0,0
62.61538461538461,57.0,38.76923076923077,0.325,45.0,0
64.0,57.0,44.69230769230769,0.5549999999999999,43.15384615384615,0
64.0,57.0,43.15384615384615,0.51,43.0,0
64.0,59.0,39.15384615384615,0.37,44.23076923076923,4
64.3076923076923,58.53846153846154,42.69230769230769,0.6950000000000001,44.38461538461539,4
65.0,57.76923076923077,45.46153846153846,0.74,43.30769230769231,4
65.76923076923077,58.53846153846154,42.61538461538461,0.51,45.0,0
67.0,59.0,42.07692307692308,0.4625,44.53846153846154,7
66.38461538461539,57.76923076923077,44.30769230769231,0.6950000000000001,43.0,0
65.0,57.0,45.0,0.5549999999999999,43.0,0
66.07692307692308,57.0,44.46153846153846,0.6025,43.46153846153846,0
65.0,59.0,40.92307692307692,0.4175,45.0,3
67.0,57.15384615384615,43.92307692307692,0.6475,45.0,0
65.46153846153847,58.69230769230769,40.23076923076923,0.37,45.0,0
67.0,57.92307692307692,44.69230769230769,0.6025,45.0,0
67.0,58.84615384615385,45.30769230769231,0.74,44.53846153846154,0
67.0,57.61538461538461,46.15384615384615,0.8324999999999999,43.0,0
65.46153846153847,58.53846153846154,38.76923076923077,0.27749999999999997,43.76923076923077,0
65.07692307692308,58.53846153846154,40.0,0.27749999999999997,45.0,0
64.61538461538461,58.07692307692308,40.0,0.325,45.0,1
64.07692307692308,58.69230769230769,39.53846153846154,0.27749999999999997,45.0,2
65.76923076923077,58.23076923076923,43.46153846153846,0.6475,43.76923076923077,0
67.0,57.0,46.23076923076923,0.6475,43.0,1
66.6923076923077,57.0,45.61538461538461,0.6475,44.07692307692308,0
64.38461538461539,57.92307692307692,40.69230769230769,0.4175,46.53846153846154,0
64.92307692307692,56.23076923076923,38.61538461538461,0.2325,48.84615384615385,0
64.23076923076923,59.0,38.84615384615385,0.37,47.23076923076923,0
65.92307692307692,58.07692307692308,41.61538461538461,0.4625,46.69230769230769,0
65.61538461538461,58.53846153846154,40.69230769230769,0.37,45.0,0
65.84615384615384,58.38461538461539,40.84615384615385,0.4175,45.30769230769231,6
64.3076923076923,59.07692307692308,42.76923076923077,0.4625,47.0,12
63.69230769230769,58.69230769230769,38.15384615384615,0.2325,47.0,0
64.07692307692308,56.53846153846154,39.38461538461539,0.325,47.0,0
64.15384615384616,58.23076923076923,38.0,0.185,47.0,0
65.53846153846153,58.23076923076923,39.53846153846154,0.325,47.0,0
65.0,59.0,38.61538461538461,0.2325,46.07692307692308,0
66.53846153846153,58.07692307692308,41.38461538461539,0.4175,45.0,0
65.0,58.53846153846154,40.84615384615385,0.5549999999999999,45.0,0
67.0,57.0,47.53846153846154,0.8324999999999999,43.46153846153846,1
65.46153846153847,56.69230769230769,47.92307692307692,0.8324999999999999,41.38461538461539,1
65.46153846153847,56.23076923076923,47.07692307692308,0.8324999999999999,43.0,0
65.92307692307692,57.46153846153846,51.53846153846154,1.0,41.38461538461539,10
65.3076923076923,58.23076923076923,47.07692307692308,0.9724999999999999,40.0,13
64.6923076923077,56.23076923076923,48.69230769230769,0.8324999999999999,40.0,1
64.23076923076923,58.38461538461539,41.07692307692308,0.5549999999999999,41.15384615384615,0
64.6923076923077,56.53846153846154,42.30769230769231,0.4625,43.0,0
64.23076923076923,58.53846153846154,41.23076923076923,0.5549999999999999,43.0,0
65.0,57.0,46.92307692307692,0.7875,43.0,2
64.15384615384616,57.0,45.0,0.6025,43.0,1
65.46153846153847,57.76923076923077,47.0,0.74,43.0,5
67.0,57.30769230769231,47.69230769230769,0.8800000000000001,43.0,0
67.46153846153847,55.92307692307692,46.0,0.925,44.23076923076923,0
65.92307692307692,58.23076923076923,39.38461538461539,0.325,45.92307692307692,0
66.38461538461539,58.15384615384615,38.61538461538461,0.27749999999999997,47.0,0
65.76923076923077,59.15384615384615,38.92307692307692,0.325,48.38461538461539,0
65.0,59.15384615384615,38.46153846153846,0.27749999999999997,47.0,0
65.92307692307692,58.23076923076923,39.53846153846154,0.325,47.0,0
65.07692307692308,58.69230769230769,39.84615384615385,0.27749999999999997,47.0,0
66.76923076923077,56.53846153846154,39.53846153846154,0.27749999999999997,46.07692307692308,0
64.53846153846153,58.38461538461539,39.23076923076923,0.27749999999999997,45.0,0
65.92307692307692,57.15384615384615,40.0,0.325,45.15384615384615,0
64.23076923076923,57.92307692307692,39.69230769230769,0.27749999999999997,47.0,0
65.61538461538461,55.76923076923077,44.46153846153846,0.6950000000000001,45.30769230769231,0
67.0,57.46153846153846,48.38461538461539,0.7875,43.30769230769231,3
65.84615384615384,58.69230769230769,44.92307692307692,0.7875,40.69230769230769,12
64.46153846153847,56.53846153846154,45.76923076923077,0.74,42.53846153846154,0
64.0,56.38461538461539,42.76923076923077,0.6025,44.69230769230769,1
64.0,55.92307692307692,43.0,0.4625,46.84615384615385,0
65.0,57.61538461538461,40.92307692307692,0.37,45.46153846153846,0
65.92307692307692,56.69230769230769,43.30769230769231,0.5549999999999999,45.0,3
64.23076923076923,56.84615384615385,43.30769230769231,0.5549999999999999,45.0,0
64.84615384615384,55.46153846153846,46.07692307692308,0.74,46.38461538461539,0
64.23076923076923,57.15384615384615,42.92307692307692,0.74,46.84615384615385,1
65.0,57.0,48.84615384615385,0.9724999999999999,45.0,9
64.38461538461539,56.69230769230769,45.46153846153846,0.74,45.30769230769231,0
65.92307692307692,55.61538461538461,44.61538461538461,0.74,47.0,0
65.92307692307692,58.07692307692308,42.23076923076923,0.5549999999999999,47.0,0
66.6923076923077,57.30769230769231,41.07692307692308,0.51,47.0,0
66.07692307692308,58.07692307692308,42.76923076923077,0.6025,46.53846153846154,0
65.0,58.38461538461539,41.92307692307692,0.6025,46.23076923076923,5
64.61538461538461,56.23076923076923,40.46153846153846,0.37,46.53846153846154,0
65.0,57.46153846153846,42.30769230769231,0.6025,44.23076923076923,2
66.23076923076923,57.76923076923077,45.46153846153846,0.6475,43.0,0
64.23076923076923,57.30769230769231,41.76923076923077,0.51,44.53846153846154,0
66.07692307692308,57.0,46.38461538461539,0.8800000000000001,42.69230769230769,3
65.07692307692308,56.38461538461539,49.23076923076923,0.9724999999999999,41.38461538461539,4
64.6923076923077,55.61538461538461,46.38461538461539,0.8324999999999999,45.46153846153846,0
64.6923076923077,56.69230769230769,40.46153846153846,0.37,47.0,0
66.07692307692308,55.92307692307692,40.0,0.4175,47.0,0
65.76923076923077,56.53846153846154,40.0,0.4625,47.0,0
67.15384615384616,56.38461538461539,40.92307692307692,0.51,47.0,0
67.3076923076923,57.76923076923077,39.61538461538461,0.37,47.0,0
66.84615384615384,58.53846153846154,39.84615384615385,0.325,46.23076923076923,0
66.38461538461539,57.92307692307692,43.38461538461539,0.5549999999999999,45.0,7
64.23076923076923,57.15384615384615,43.30769230769231,0.51,45.0,0
65.38461538461539,55.15384615384615,42.76923076923077,0.4625,45.0,0
65.0,57.0,42.92307692307692,0.51,43.0,9
65.3076923076923,55.46153846153846,46.53846153846154,0.7875,42.07692307692308,6
65.46153846153847,56.69230769230769,47.61538461538461,0.925,41.38461538461539,2
65.84615384615384,56.38461538461539,45.61538461538461,0.925,43.61538461538461,0
65.07692307692308,57.61538461538461,39.38461538461539,0.27749999999999997,45.0,0
65.3076923076923,57.46153846153846,38.76923076923077,0.325,45.0,0
65.53846153846153,57.0,39.76923076923077,0.4175,45.0,0
67.0,57.61538461538461,40.69230769230769,0.4625,45.0,4
68.23076923076923,57.76923076923077,44.46153846153846,0.6950000000000001,44.23076923076923,9
66.38461538461539,57.61538461538461,44.38461538461539,0.6025,43.30769230769231,4
67.76923076923077,55.46153846153846,46.23076923076923,0.74,45.0,0
66.84615384615384,58.23076923076923,40.46153846153846,0.4175,45.0,2
67.46153846153847,56.53846153846154,46.07692307692308,0.74,45.0,0
65.61538461538461,58.07692307692308,43.30769230769231,0.5549999999999999,45.0,0
66.38461538461539,55.76923076923077,43.61538461538461,0.6025,46.53846153846154,0
64.76923076923077,57.61538461538461,40.0,0.325,47.0,0
65.76923076923077,56.38461538461539,38.76923076923077,0.27749999999999997,47.0,0
65.15384615384616,58.07692307692308,38.84615384615385,0.37,47.0,0
64.76923076923077,58.23076923076923,40.61538461538461,0.37,48.61538461538461,2
65.92307692307692,56.84615384615385,43.53846153846154,0.6025,50.0,0
64.46153846153847,58.69230769230769,43.30769230769231,0.5549999999999999,50.0,0
64.92307692307692,57.38461538461539,43.92307692307692,0.51,50.0,0
64.15384615384616,58.84615384615385,39.0,0.37,50.0,0
65.92307692307692,56.38461538461539,39.76923076923077,0.37,50.0,0
63.61538461538461,59.61538461538461,38.0,0.185,48.84615384615385,0
67.46153846153847,55.0,39.23076923076923,0.325,47.0,0
65.0,57.76923076923077,38.30769230769231,0.325,47.0,0
65.84615384615384,56.69230769230769,40.53846153846154,0.4175,47.0,0
65.38461538461539,58.07692307692308,38.92307692307692,0.325,47.0,0
67.0,57.76923076923077,38.92307692307692,0.325,47.0,0
66.6923076923077,57.30769230769231,40.53846153846154,0.4175,47.0,1
65.61538461538461,58.69230769230769,40.69230769230769,0.37,48.15384615384615,0
65.76923076923077,57.61538461538461,42.30769230769231,0.4625,50.0,0
64.53846153846153,59.07692307692308,39.92307692307692,0.37,50.0,0
66.6923076923077,55.92307692307692,42.76923076923077,0.51,50.0,0
64.53846153846153,58.53846153846154,40.0,0.325,49.30769230769231,0
67.76923076923077,54.84615384615385,43.46153846153846,0.5549999999999999,47.0,0
65.23076923076923,57.15384615384615,38.30769230769231,0.2325,47.0,0
69.3076923076923,55.46153846153846,40.69230769230769,0.37,45.30769230769231,1
66.84615384615384,58.38461538461539,41.15384615384615,0.4175,45.0,0
67.92307692307692,56.84615384615385,39.84615384615385,0.37,45.0,1
66.23076923076923,59.53846153846154,42.38461538461539,0.51,45.0,13
65.15384615384616,59.30769230769231,40.15384615384615,0.4625,45.0,4
66.6923076923077,57.38461538461539,39.23076923076923,0.325,45.0,0
65.92307692307692,57.46153846153846,39.53846153846154,0.325,45.0,0
66.07692307692308,57.46153846153846,41.92307692307692,0.51,45.0,0
64.3076923076923,58.53846153846154,40.15384615384615,0.4175,45.0,0
65.3076923076923,55.15384615384615,40.76923076923077,0.37,45.0,0
64.53846153846153,57.76923076923077,38.30769230769231,0.27749999999999997,45.0,0
67.0,55.61538461538461,42.92307692307692,0.51,45.0,0
66.07692307692308,57.61538461538461,39.76923076923077,0.37,45.0,0
67.46153846153847,57.30769230769231,39.0,0.37,45.92307692307692,1
65.0,59.61538461538461,40.92307692307692,0.51,47.0,13
64.6923076923077,58.84615384615385,41.84615384615385,0.51,47.0,6
65.53846153846153,57.15384615384615,38.92307692307692,0.27749999999999997,47.0,0
65.46153846153847,56.84615384615385,40.0,0.325,45.0,1
64.84615384615384,56.23076923076923,42.76923076923077,0.51,45.0,0
64.38461538461539,57.15384615384615,39.30769230769231,0.37,45.0,0
66.6923076923077,55.92307692307692,44.23076923076923,0.6025,44.53846153846154,0
65.0,58.07692307692308,40.0,0.325,43.0,2
65.76923076923077,57.15384615384615,41.38461538461539,0.4175,43.0,12
64.6923076923077,58.53846153846154,40.53846153846154,0.4175,43.0,1
66.07692307692308,56.69230769230769,42.07692307692308,0.4625,43.0,7
65.07692307692308,57.15384615384615,42.76923076923077,0.51,43.0,0
65.76923076923077,55.61538461538461,39.92307692307692,0.4175,43.0,0
65.38461538461539,57.15384615384615,39.07692307692308,0.27749999999999997,43.0,0
65.76923076923077,57.46153846153846,39.07692307692308,0.325,43.0,4
66.23076923076923,56.69230769230769,43.15384615384615,0.5549999999999999,43.0,0
65.61538461538461,57.61538461538461,39.07692307692308,0.4625,43.76923076923077,2
66.6923076923077,57.0,39.53846153846154,0.325,44.84615384615385,2
67.0,58.23076923076923,38.76923076923077,0.27749999999999997,43.0,6
68.07692307692308,57.61538461538461,43.15384615384615,0.51,43.0,12
67.15384615384616,58.84615384615385,41.46153846153846,0.5549999999999999,43.15384615384615,1
68.53846153846153,56.69230769230769,44.84615384615385,0.6950000000000001,45.0,0
67.46153846153847,59.0,41.07692307692308,0.51,47.0,3
68.84615384615384,58.07692307692308,42.76923076923077,0.6025,47.0,0
68.84615384615384,57.76923076923077,41.15384615384615,0.5549999999999999,47.0,0
70.07692307692308,56.84615384615385,41.84615384615385,0.5549999999999999,47.0,0
68.84615384615384,57.0,42.84615384615385,0.51,47.0,0
68.07692307692308,57.15384615384615,40.46153846153846,0.51,47.0,0
69.61538461538461,56.23076923076923,41.84615384615385,0.4175,49.76923076923077,0
68.07692307692308,56.69230769230769,39.53846153846154,0.325,50.0,0
71.38461538461539,54.53846153846154,40.0,0.325,48.15384615384615,0
69.46153846153847,57.76923076923077,38.0,0.185,47.0,0
69.76923076923077,57.46153846153846,41.84615384615385,0.4625,48.15384615384615,0
67.15384615384616,58.69230769230769,40.23076923076923,0.37,50.0,0
68.23076923076923,57.61538461538461,42.07692307692308,0.4625,47.92307692307692,0
67.61538461538461,58.23076923076923,39.69230769230769,0.4175,47.0,0
70.07692307692308,57.0,41.38461538461539,0.4175,45.46153846153846,0
69.61538461538461,56.84615384615385,44.84615384615385,0.6475,45.15384615384615,0
68.6923076923077,56.53846153846154,42.53846153846154,0.6950000000000001,47.0,0
69.61538461538461,56.38461538461539,39.69230769230769,0.325,46.23076923076923,0
68.07692307692308,57.30769230769231,38.76923076923077,0.325,45.0,2
69.76923076923077,55.76923076923077,43.76923076923077,0.5549999999999999,45.0,0
67.61538461538461,57.92307692307692,40.15384615384615,0.4175,45.0,1
69.0,59.0,43.30769230769231,0.5549999999999999,43.76923076923077,13
68.6923076923077,59.23076923076923,38.92307692307692,0.325,43.0,13
69.0,57.46153846153846,40.23076923076923,0.37,43.0,6
67.76923076923077,58.23076923076923,41.07692307692308,0.51,42.53846153846154,2
68.38461538461539,57.0,44.38461538461539,0.6025,40.0,13
67.92307692307692,58.07692307692308,45.0,0.7875,38.76923076923077,6
67.76923076923077,57.0,44.69230769230769,0.74,40.69230769230769,5
67.92307692307692,55.92307692307692,44.23076923076923,0.5549999999999999,43.30769230769231,0
67.61538461538461,56.38461538461539,39.76923076923077,0.51,44.69230769230769,0
67.76923076923077,58.69230769230769,41.15384615384615,0.4175,43.0,9
67.3076923076923,59.0,39.38461538461539,0.325,43.92307692307692,1
68.84615384615384,56.23076923076923,47.15384615384615,0.8324999999999999,45.0,1
67.92307692307692,57.76923076923077,42.0,0.51,45.0,8
68.23076923076923,55.30769230769231,42.30769230769231,0.4625,45.0,0
66.38461538461539,57.61538461538461,39.92307692307692,0.51,45.0,0
67.0,56.07692307692308,43.07692307692308,0.5549999999999999,43.76923076923077,0
65.92307692307692,57.61538461538461,41.15384615384615,0.37,45.0,0
66.23076923076923,57.53846153846154,40.23076923076923,0.37,45.0,1
66.07692307692308,59.30769230769231,40.84615384615385,0.4175,45.0,7
67.0,59.07692307692308,41.15384615384615,0.4175,45.0,1
68.23076923076923,57.15384615384615,43.84615384615385,0.6950000000000001,45.0,0
67.3076923076923,57.46153846153846,43.92307692307692,0.6950000000000001,45.0,0
68.23076923076923,55.92307692307692,47.61538461538461,0.7875,45.0,0
66.23076923076923,58.23076923076923,42.30769230769231,0.6025,46.23076923076923,0
68.23076923076923,56.23076923076923,41.92307692307692,0.4175,47.0,0
65.76923076923077,58.69230769230769,38.0,0.185,46.53846153846154,0
67.0,57.46153846153846,41.0,0.4175,45.0,2
