temperature_norm,humidity_norm,wind_norm,pressure_norm,rain_norm,strings_note,pad_volume,pad_reverb,organ_duration,organ_density,bass_note,rain_density
0.4807407407407407,0.8361111111111111,0.1876388888888889,0.7261481481481483,0.0,4,0.8361111111111111,0.8361111111111111,0.8123611111111111,0.1876388888888889,3,0.0
0.5379597141000649,0.8230492898913951,0.16970238095238094,0.7155438596491227,0.0,5,0.8230492898913951,0.8230492898913951,0.830297619047619,0.16970238095238094,3,0.0
0.6275113710201429,0.7911333890281259,0.23092488164856587,0.7187297874315416,0.004815460420106422,6,0.7911333890281259,0.7911333890281259,0.7690751183514342,0.23092488164856587,3,0.004815460420106422
0.6239042049568365,0.8796491228070175,0.2934450710108605,0.7010960735171261,0.16270047680104283,6,0.8796491228070175,0.8796491228070175,0.7065549289891395,0.2934450710108605,3,0.16270047680104283
0.6501341316253597,0.8824269005847953,0.3296553884711779,0.6809239766081872,0.08003334972525605,6,0.8824269005847953,0.8824269005847953,0.6703446115288221,0.3296553884711779,3,0.08003334972525605
0.6756961849067111,0.8056585909217487,0.3956756474519631,0.5967658033973825,0.054322401406048465,6,0.8056585909217487,0.8056585909217487,0.6043243525480368,0.3956756474519631,2,0.054322401406048465
0.661087440824283,0.8377318295739348,0.5126274018379281,0.43428682818156505,0.15880085137860497,6,0.8377318295739348,0.8377318295739348,0.4873725981620719,0.5126274018379281,2,0.15880085137860497
0.6550682261208578,0.7420077972709551,0.8875950292397661,0.20638726445744,0.19238318127629261,6,0.7420077972709551,0.7420077972709551,0.11240497076023392,0.8875950292397661,1,0.19238318127629261
0.5850714749837558,0.6694931773879143,0.8125981620718464,0.23229703889352987,0.020336151806930325,5,0.6694931773879143,0.6694931773879143,0.18740183792815357,0.8125981620718464,1,0.020336151806930325
0.558203842940685,0.6475438596491229,0.7006537176274018,0.4240879977722082,0.0,5,0.6475438596491229,0.6475438596491229,0.2993462823725982,0.7006537176274018,2,0.0
0.6166680590364799,0.7188986354775826,0.5433086187691454,0.5861165877657105,0.07391952968987658,6,0.7188986354775826,0.7188986354775826,0.4566913812308546,0.5433086187691454,2,0.07391952968987658
0.676434140907825,0.8061723753829018,0.4805273600668338,0.6360742597233824,0.04457285350660309,6,0.8061723753829018,0.8061723753829018,0.5194726399331662,0.4805273600668338,3,0.04457285350660309
0.6558354218880534,0.7833333333333332,0.4333677944862155,0.638683932052353,0.019139732423094625,6,0.7833333333333332,0.7833333333333332,0.5666322055137845,0.4333677944862155,3,0.019139732423094625
0.6032980599647269,0.8250292397660818,0.34709586466165443,0.6543070639561867,0.0,5,0.8250292397660818,0.8250292397660818,0.6529041353383456,0.34709586466165443,3,0.0
0.5369915529564651,0.7795029239766083,0.3424122807017542,0.6807368421052631,0.0,5,0.7795029239766083,0.7795029239766083,0.6575877192982458,0.3424122807017542,3,0.0
0.5985547201336675,0.7944820384294068,0.3937040517961571,0.6935967697020328,0.0,5,0.7944820384294068,0.7944820384294068,0.6062959482038429,0.3937040517961571,3,0.0
0.6430938457254247,0.7788972431077693,0.4595077972709553,0.7442086698227048,0.0,6,0.7788972431077693,0.7788972431077693,0.5404922027290446,0.4595077972709553,3,0.0
0.6053091060985798,0.7980144806460596,0.3748931356168198,0.804590364800891,0.0,5,0.7980144806460596,0.7980144806460596,0.6251068643831802,0.3748931356168198,3,0.0
0.5218100807574495,0.8174812030075186,0.30091478696741897,0.8378735728209412,0.0,5,0.8174812030075186,0.8174812030075186,0.6990852130325811,0.30091478696741897,3,0.0
0.5538359788359789,0.829179894179894,0.22740079365079366,0.8496296296296298,0.0,5,0.829179894179894,0.829179894179894,0.7725992063492063,0.22740079365079366,3,0.0
0.5112276060521671,0.8659356725146201,0.18262566137566147,0.8396788266963705,0.0,5,0.8659356725146201,0.8659356725146201,0.8173743386243385,0.18262566137566147,3,0.0
0.5383528265107215,0.9057894736842101,0.15930555555555562,0.8259766081871344,0.0,5,0.9057894736842101,0.9057894736842101,0.8406944444444444,0.15930555555555562,3,0.0
0.5643632228719949,0.9014313561681985,0.16066798941798924,0.8139981435069157,0.0,5,0.9014313561681985,0.9014313561681985,0.8393320105820108,0.16066798941798924,3,0.0
0.49572820941241985,0.9097257031467559,0.18705026455026455,0.8192969460688755,0.0,4,0.9097257031467559,0.9097257031467559,0.8129497354497355,0.18705026455026455,3,0.0
0.5051837928153722,0.8724018379281534,0.17577380952380944,0.8265380116959065,0.0,5,0.8724018379281534,0.8724018379281534,0.8242261904761905,0.17577380952380944,3,0.0
0.5049531235496145,0.8440977443609023,0.1667923280423282,0.8170615427457534,0.0,5,0.8440977443609023,0.8440977443609023,0.8332076719576718,0.1667923280423282,3,0.0
0.41367028682818135,0.899883040935673,0.2004894179894179,0.7904158544509423,0.0,4,0.899883040935673,0.899883040935673,0.7995105820105821,0.2004894179894179,3,0.0
0.45487886382623244,0.8491896407685879,0.18053571428571433,0.7686460595934282,0.0,4,0.8491896407685879,0.8491896407685879,0.8194642857142856,0.18053571428571433,3,0.0
0.4741293047433397,0.859307992202729,0.14962962962962964,0.7536335282651072,0.0,4,0.859307992202729,0.859307992202729,0.8503703703703703,0.14962962962962964,3,0.0
0.4653842940685042,0.8533709273182962,0.1475003480924528,0.7329052260280331,0.0,4,0.8533709273182962,0.8533709273182962,0.8524996519075472,0.1475003480924528,3,0.0
0.5374853801169588,0.762857142857143,0.2463262322472846,0.6355238095238098,0.0,5,0.762857142857143,0.762857142857143,0.7536737677527154,0.2463262322472846,3,0.0
0.5734535412605586,0.8186285157337787,0.3583169729880254,0.4412705838670754,0.07589337484504376,5,0.8186285157337787,0.8186285157337787,0.6416830270119747,0.3583169729880254,2,0.07589337484504376
0.5704706209969367,0.9347967140072403,0.2286260790866056,0.2704054580896686,0.1848462996577008,5,0.9347967140072403,0.9347967140072403,0.7713739209133944,0.2286260790866056,1,0.1848462996577008
0.5470133667502091,0.9263533834586465,0.18525062656641578,0.22224227234753555,0.0,5,0.9263533834586465,0.9263533834586465,0.8147493734335842,0.18525062656641578,1,0.0
0.529328413626659,0.9149832915622393,0.29510616819827284,0.20753773322194363,0.07059088396868063,5,0.9149832915622393,0.9149832915622393,0.7048938318017272,0.29510616819827284,1,0.07059088396868063
0.49560753736192353,0.8091520467836257,0.4091569200779728,0.2670734243014943,0.021199118046565345,4,0.8091520467836257,0.8091520467836257,0.5908430799220272,0.4091569200779728,1,0.021199118046565345
0.48557504873294366,0.8019005847953212,0.2657456140350881,0.2906805903648011,0.0,4,0.8019005847953212,0.8019005847953212,0.7342543859649119,0.2657456140350881,1,0.0
0.43861505615891555,0.8482873851294912,0.34310742133110456,0.23933481852780084,0.09139509799008447,4,0.8482873851294912,0.8482873851294912,0.6568925786688955,0.34310742133110456,1,0.09139509799008447
0.4150617283950619,0.7898412698412696,0.4576058201058201,0.27884303350970013,0.018277793835288533,4,0.7898412698412696,0.7898412698412696,0.5423941798941798,0.4576058201058201,1,0.018277793835288533
0.4585672514619882,0.7847368421052631,0.5338565162907266,0.29049679754942903,0.18394309946430232,4,0.7847368421052631,0.7847368421052631,0.4661434837092734,0.5338565162907266,1,0.18394309946430232
0.43743711129676044,0.7044973544973557,0.5523315232525756,0.3787955072867345,0.08936016665493286,4,0.7044973544973557,0.7044973544973557,0.4476684767474244,0.5523315232525756,2,0.08936016665493286
0.3601670843776112,0.6731537176274012,0.488173906989697,0.44844760048268784,0.0,3,0.6731537176274012,0.6731537176274012,0.511826093010303,0.488173906989697,2,0.0
0.40661793372319655,0.7837134502923976,0.4861842105263156,0.3949668615984408,0.11655563873627822,4,0.7837134502923976,0.7837134502923976,0.5138157894736843,0.4861842105263156,2,0.11655563873627822
0.44674835236238736,0.7287914230019495,0.4563826232247287,0.38369330734243007,0.010258815774635957,4,0.7287914230019495,0.7287914230019495,0.5436173767752712,0.4563826232247287,2,0.010258815774635957
0.4503137473312911,0.763990531885268,0.35127645502645344,0.4019249976793843,0.07877719233507255,4,0.763990531885268,0.763990531885268,0.6487235449735466,0.35127645502645344,2,0.07877719233507255
0.5129671400724031,0.7301169590643277,0.5791207184628238,0.3598334725703147,0.002227667167465218,5,0.7301169590643277,0.7301169590643277,0.42087928153717624,0.5791207184628238,1,0.002227667167465218
0.47431681054488056,0.7522041214146479,0.3656867864104704,0.33860206070732407,0.0,4,0.7522041214146479,0.7522041214146479,0.6343132135895295,0.3656867864104704,1,0.0
0.3893961756242461,0.8178710665552767,0.2973475355054306,0.3469976793836439,0.0,4,0.8178710665552767,0.8178710665552767,0.7026524644945694,0.2973475355054306,1,0.0
0.4150320245057076,0.8495321637426905,0.28696219715956484,0.43158117516012245,0.004177109440267258,4,0.8495321637426905,0.8495321637426905,0.7130378028404352,0.28696219715956484,2,0.004177109440267258
0.5542430149447688,0.8218615984405458,0.4302144249512666,0.34896296296296336,0.04515461928687018,5,0.8218615984405458,0.8218615984405458,0.5697855750487334,0.4302144249512666,1,0.04515461928687018
0.5997224542838577,0.8149735449735451,0.4695318156502362,0.284433491135246,0.04911451495640983,5,0.8149735449735451,0.8149735449735451,0.5304681843497638,0.4695318156502362,1,0.04911451495640983
0.5366304650515182,0.7412990810359233,0.5654584377610701,0.29842328042327987,0.031182896873749043,5,0.7412990810359233,0.7412990810359233,0.4345415622389299,0.5654584377610701,1,0.031182896873749043
0.4051350598719018,0.8045112781954888,0.30572229184071253,0.39302274204028587,0.0,4,0.8045112781954888,0.8045112781954888,0.6942777081592875,0.30572229184071253,2,0.0
0.4884071289334443,0.7630729601782235,0.46786236424394273,0.42673053002877553,0.0331940963519907,4,0.7630729601782235,0.7630729601782235,0.5321376357560572,0.46786236424394273,2,0.0331940963519907
0.6292355889724303,0.8100668337510445,0.7062134502923962,0.3904037872458925,0.10874568445032735,6,0.8100668337510445,0.8100668337510445,0.29378654970760376,0.7062134502923962,2,0.10874568445032735
0.6851327392555463,0.796390977443609,0.686925647451965,0.40638002413440977,0.1611397966260188,6,0.796390977443609,0.796390977443609,0.31307435254803495,0.686925647451965,2,0.1611397966260188
0.645058479532164,0.854054580896686,0.3580263157894746,0.43084990253411287,0.06076820476405056,6,0.854054580896686,0.854054580896686,0.6419736842105255,0.3580263157894746,2,0.06076820476405056
0.6356349206349202,0.887857142857143,0.20174603174603098,0.4349947089947089,0.0897649648626808,6,0.887857142857143,0.887857142857143,0.798253968253969,0.20174603174603098,2,0.0897649648626808
0.6374988396918224,0.8692829295460874,0.22502958785853563,0.4375743061357095,0.007815336166899115,6,0.8692829295460874,0.8692829295460874,0.7749704121414643,0.22502958785853563,2,0.007815336166899115
0.6030107676598908,0.8996073517126146,0.1871626984126985,0.44958581639283396,0.0,5,0.8996073517126146,0.8996073517126146,0.8128373015873015,0.1871626984126985,2,0.0
0.5655277081592868,0.9053258145363413,0.17317460317460284,0.44703592314118634,0.009043707224148144,5,0.9053258145363413,0.9053258145363413,0.8268253968253971,0.17317460317460284,2,0.009043707224148144
0.5753638726445747,0.9016290726817041,0.16335735171261526,0.4774957764782321,0.05132774978947255,5,0.9016290726817041,0.9016290726817041,0.8366426482873848,0.16335735171261526,2,0.05132774978947255
0.5359997215260381,0.8449443052074636,0.22844715956558034,0.5433830873479992,0.0,5,0.8449443052074636,0.8449443052074636,0.7715528404344196,0.22844715956558034,2,0.0
0.4796003898635475,0.8505263157894735,0.22674707602339153,0.5459103313840159,0.008187134502923882,4,0.8505263157894735,0.8505263157894735,0.7732529239766085,0.22674707602339153,2,0.008187134502923882
0.5464981899192425,0.8798050682261209,0.2273753829016987,0.47250125313283226,0.11462053801352998,5,0.8798050682261209,0.8798050682261209,0.7726246170983013,0.2273753829016987,2,0.11462053801352998
0.5363269284321919,0.8470412141464773,0.2498941798941799,0.4001778520375013,0.010690759073103719,5,0.8470412141464773,0.8470412141464773,0.7501058201058202,0.2498941798941799,2,0.010690759073103719
0.4500487329434693,0.8876691729323307,0.21542919799498642,0.3968922305764412,0.07704449247241484,4,0.8876691729323307,0.8876691729323307,0.7845708020050136,0.21542919799498642,2,0.07704449247241484
0.5793158822983382,0.8507978279030918,0.42769284321915924,0.333282465422816,0.15814666240072459,5,0.8507978279030918,0.8507978279030918,0.5723071567808408,0.42769284321915924,1,0.15814666240072459
0.5566402116402118,0.8260609857978278,0.26775480367585675,0.3724271790587577,0.07004226005554104,5,0.8260609857978278,0.8260609857978278,0.7322451963241432,0.26775480367585675,1,0.07004226005554104
0.474672793093846,0.9381954887218049,0.30694131161236293,0.40736173767752626,0.33199937425574355,4,0.9381954887218049,0.9381954887218049,0.6930586883876371,0.30694131161236293,2,0.33199937425574355
0.4122677063027942,0.8853313840155949,0.39195662768031164,0.5323859649122801,0.22571483260617434,4,0.8853313840155949,0.8853313840155949,0.6080433723196883,0.39195662768031164,2,0.22571483260617434
0.41475401466629513,0.7832971317181849,0.6162235449735436,0.562633064141836,0.14859959476012294,4,0.7832971317181849,0.7832971317181849,0.3837764550264564,0.6162235449735436,2,0.14859959476012294
0.43399470899470854,0.7780158730158728,0.6533114035087736,0.5909000278473961,0.14342381442462684,4,0.7780158730158728,0.7780158730158728,0.3466885964912264,0.6533114035087736,2,0.14342381442462684
0.4312415297503023,0.7878292954608744,0.3757459621275437,0.6083092917478883,0.06658480523192686,4,0.7878292954608744,0.7878292954608744,0.6242540378724564,0.3757459621275437,2,0.06658480523192686
0.3783170890188436,0.7602060707323867,0.26051204399888506,0.6142777313654505,0.0,3,0.7602060707323867,0.7602060707323867,0.7394879560011149,0.26051204399888506,2,0.0
0.3007254246727933,0.7941478696741853,0.389130116959064,0.6707251461988303,0.0,3,0.7941478696741853,0.7941478696741853,0.610869883040936,0.389130116959064,3,0.0
0.2695943562610237,0.7492328042328038,0.3038095238095246,0.7138271604938276,0.0,2,0.7492328042328038,0.7492328042328038,0.6961904761904754,0.3038095238095246,3,0.0
0.22886614684860243,0.8795029239766077,0.19490984405458023,0.589278752436648,0.12860092051675853,2,0.8795029239766077,0.8795029239766077,0.8050901559454198,0.19490984405458023,2,0.12860092051675853
0.2637301587301589,0.8844611528822064,0.4286518379281516,0.5344667223614589,0.2216994241617992,2,0.8844611528822064,0.8844611528822064,0.5713481620718484,0.4286518379281516,2,0.2216994241617992
0.21403787245892544,0.7496950710108609,0.4594757727652465,0.5699663974751694,0.08781345482250638,2,0.7496950710108609,0.7496950710108609,0.5405242272347535,0.4594757727652465,2,0.08781345482250638
0.20525201893622833,0.7491798941798946,0.44867481203007553,0.5792067205049655,0.07384122756865044,2,0.7491798941798946,0.7491798941798946,0.5513251879699245,0.44867481203007553,2,0.07384122756865044
0.2126106934001677,0.8608939014202165,0.31317878028404444,0.68322417153996,0.12035405550611024,2,0.8608939014202165,0.8608939014202165,0.6868212197159556,0.31317878028404444,3,0.12035405550611024
0.2521753457718364,0.7765023670286828,0.285303188526872,0.6967821405365267,0.00462740444385472,2,0.7765023670286828,0.7765023670286828,0.714696811473128,0.285303188526872,3,0.00462740444385472
0.3491896407685875,0.8326789195210245,0.3333350737956004,0.5705398681889918,0.04714045207910317,3,0.8326789195210245,0.8326789195210245,0.6666649262043995,0.3333350737956004,2,0.04714045207910317
0.3292884990253414,0.8849415204678359,0.2043421052631582,0.45129824561403653,0.030900658273825134,3,0.8849415204678359,0.8849415204678359,0.7956578947368418,0.2043421052631582,2,0.030900658273825134
0.34668987283022357,0.8773169033695349,0.23913359788359764,0.2744125127633911,0.1430640398367175,3,0.8773169033695349,0.8773169033695349,0.7608664021164023,0.23913359788359764,1,0.1430640398367175
0.34606098579782724,0.8806975772765252,0.3344322612085756,0.2834532627865953,0.16532531012077584,3,0.8806975772765252,0.8806975772765252,0.6655677387914244,0.3344322612085756,1,0.16532531012077584
0.36005569479253713,0.8481704260651628,0.3983364661654137,0.4613489278752431,0.20297864591801296,3,0.8481704260651628,0.8481704260651628,0.6016635338345864,0.3983364661654137,2,0.20297864591801296
0.31267288591850034,0.8098788638262325,0.3241179337231975,0.6137296946068865,0.052986897524149645,3,0.8098788638262325,0.8098788638262325,0.6758820662768025,0.3241179337231975,2,0.052986897524149645
0.22988861041492545,0.8386034530771372,0.25235971874129687,0.6484865868374645,0.01021004355864876,2,0.8386034530771372,0.8386034530771372,0.7476402812587031,0.25235971874129687,3,0.01021004355864876
0.4408465608465584,0.8529365079365077,0.46369569757727414,0.5214480646059607,0.0695775407944481,4,0.8529365079365077,0.8529365079365077,0.5363043024227259,0.46369569757727414,2,0.0695775407944481
0.5969558154645872,0.8143859649122818,0.6709039961013619,0.4273060428849907,0.0,5,0.8143859649122818,0.8143859649122818,0.32909600389863813,0.6709039961013619,2,0.0
0.5191863919056907,0.6948705096073522,0.89125313283208,0.3964761904761908,0.009921731214354256,5,0.6948705096073522,0.6948705096073522,0.10874686716792004,0.89125313283208,2,0.009921731214354256
0.44632692843219224,0.7180033416875515,0.7072472848788669,0.3731835143414089,0.04214312123661515,4,0.7180033416875515,0.7180033416875515,0.2927527151211331,0.7072472848788669,1,0.04214312123661515
0.3576803118908385,0.8296365914786962,0.31672758284600305,0.3915113710201428,0.12928959994970873,3,0.8296365914786962,0.8296365914786962,0.683272417153997,0.31672758284600305,2,0.12928959994970873
0.30795414462081167,0.79925925925926,0.5106944444444436,0.441777777777777,0.10166299784562263,3,0.79925925925926,0.79925925925926,0.48930555555555644,0.5106944444444436,2,0.10166299784562263
0.3215594541910326,0.7487385129490386,0.3464024644945705,0.47952770815928786,0.024987034938530925,3,0.7487385129490386,0.7487385129490386,0.6535975355054295,0.3464024644945705,2,0.024987034938530925
0.45772672421795074,0.8554260651629075,0.34103522695627914,0.28853726909867417,0.18289352819380716,4,0.8554260651629075,0.8554260651629075,0.6589647730437209,0.34103522695627914,1,0.18289352819380716
0.49743339831059163,0.7862573099415212,0.4516374269005842,0.2448628979857045,0.0831285239562897,4,0.7862573099415212,0.7862573099415212,0.5483625730994157,0.4516374269005842,1,0.0831285239562897
0.4186953494848242,0.764966583124477,0.31129490392648496,0.38271790587579935,0.0,4,0.764966583124477,0.764966583124477,0.688705096073515,0.31129490392648496,2,0.0
0.356923326835607,0.8173906989696466,0.22684210526315693,0.43722825582474667,0.0,3,0.8173906989696466,0.8173906989696466,0.773157894736843,0.22684210526315693,2,0.0
0.36630093752900766,0.8235923141186298,0.2464049011417433,0.39747962498839695,0.0,3,0.8235923141186298,0.8235923141186298,0.7535950988582567,0.2464049011417433,2,0.0
0.3983486494012813,0.8625939849624051,0.23159461152882213,0.3537092731829571,0.1421349723737956,4,0.8625939849624051,0.8625939849624051,0.7684053884711779,0.23159461152882213,1,0.1421349723737956
0.3475030168012624,0.8923308270676704,0.2672267474241137,0.38250032488628954,0.08108327884051808,3,0.8923308270676704,0.8923308270676704,0.7327732525758863,0.2672267474241137,2,0.08108327884051808
0.4011259630557872,0.8293734335839597,0.39954434697855834,0.26240768588137064,0.1381986229673216,4,0.8293734335839597,0.8293734335839597,0.6004556530214417,0.39954434697855834,1,0.1381986229673216
0.43489278752436655,0.8782456140350874,0.2019809941520473,0.2437153996101357,0.05205840249642223,4,0.8782456140350874,0.8782456140350874,0.7980190058479527,0.2019809941520473,1,0.05205840249642223
0.39394179894179826,0.9075522138680037,0.18904100529100568,0.3373680497540145,0.04158846728939614,4,0.9075522138680037,0.9075522138680037,0.8109589947089944,0.18904100529100568,1,0.04158846728939614
0.46270444630093677,0.8460331384015615,0.3962026594263396,0.30232117330362845,0.1296085033982601,4,0.8460331384015615,0.8460331384015615,0.6037973405736604,0.3962026594263396,1,0.1296085033982601
0.49997354497354496,0.7555137844611528,0.4305378028404348,0.3883586744639375,0.0,4,0.7555137844611528,0.7555137844611528,0.5694621971595653,0.4305378028404348,2,0.0
0.5180789937807466,0.8268991924255082,0.29460108604845175,0.37292936043813374,0.15229701990602687,5,0.8268991924255082,0.8268991924255082,0.7053989139515482,0.29460108604845175,1,0.15229701990602687
0.6030622853429872,0.7392801448064623,0.8224394319131092,0.2900432562888699,0.050616504070109675,5,0.7392801448064623,0.7392801448064623,0.1775605680868908,0.8224394319131092,1,0.050616504070109675
0.535068226120858,0.6929114452798661,0.8243703007518818,0.4365435811751585,0.0,5,0.6929114452798661,0.6929114452798661,0.17562969924811822,0.8243703007518818,2,0.0
0.5137751786874593,0.7070662768031192,0.6621807992202735,0.5379974009096815,0.0,5,0.7070662768031192,0.7070662768031192,0.3378192007797265,0.6621807992202735,2,0.0
0.500526779912745,0.7384864940128089,0.46193226120858,0.5309987932794948,0.0,5,0.7384864940128089,0.7384864940128089,0.53806773879142,0.46193226120858,2,0.0
0.4448148148148166,0.8039682539682536,0.26119047619047725,0.5661587301587284,0.027887582432428244,4,0.8039682539682536,0.8039682539682536,0.7388095238095227,0.26119047619047725,2,0.027887582432428244
0.3819010489185927,0.7883959899749374,0.3135303536619321,0.6528688387635755,0.0,3,0.7883959899749374,0.7883959899749374,0.686469646338068,0.3135303536619321,3,0.0
0.4936661097187401,0.7435477582846003,0.7673047201336629,0.6028987283022381,0.008061821219715532,4,0.7435477582846003,0.7435477582846003,0.2326952798663371,0.7673047201336629,2,0.008061821219715532
0.5632205513784457,0.7797159565580615,0.8825375939849635,0.49444221665274474,0.045822890559731926,5,0.7797159565580615,0.7797159565580615,0.11746240601503655,0.8825375939849635,2,0.045822890559731926
0.5447679383644309,0.8391617933723181,0.6353919521024876,0.4012341966026183,0.12463320932386031,5,0.8391617933723181,0.8391617933723181,0.36460804789751244,0.6353919521024876,2,0.12463320932386031
0.41662118258609593,0.9179142300194931,0.20559454191033125,0.411896036387264,0.2239228167049096,4,0.9179142300194931,0.9179142300194931,0.7944054580896688,0.20559454191033125,2,0.2239228167049096
0.30129351155667,0.8807435254803686,0.20210317460317495,0.5007819548872166,0.018757534312866406,3,0.8807435254803686,0.8807435254803686,0.797896825396825,0.20210317460317495,2,0.018757534312866406
0.2914694142764316,0.8268560289612923,0.27168824839877315,0.5430650700826143,0.0075219936066067946,3,0.8268560289612923,0.8268560289612923,0.7283117516012269,0.27168824839877315,2,0.0075219936066067946
0.44634967047247676,0.8177401837928152,0.5408604845446949,0.4262866425322571,0.13624560051633264,4,0.8177401837928152,0.8177401837928152,0.45913951545530507,0.5408604845446949,2,0.13624560051633264
0.47958785853522734,0.8022514619883044,0.3771125730994179,0.38207128933444723,0.07504122961146616,4,0.8022514619883044,0.8022514619883044,0.6228874269005821,0.3771125730994179,2,0.07504122961146616
0.44110414926204383,0.7707532720690631,0.46389132553605467,0.349994616170054,0.04825381768453044,4,0.7707532720690631,0.7707532720690631,0.5361086744639454,0.46389132553605467,1,0.04825381768453044
0.4542383737120583,0.7250640490114165,0.6451921470342553,0.4704078715306755,0.0,4,0.7250640490114165,0.7250640490114165,0.3548078529657447,0.6451921470342553,2,0.0
0.3804970760233918,0.8010233918128654,0.2785599415204691,0.5389824561403508,0.0,3,0.8010233918128654,0.8010233918128654,0.7214400584795309,0.2785599415204691,2,0.0
0.3749391998514804,0.8126956279587849,0.2521895015316068,0.5252713264643089,0.0005710413994541942,3,0.8126956279587849,0.8126956279587849,0.7478104984683932,0.2521895015316068,2,0.0005710413994541942
0.43032442216652644,0.8899763297131709,0.2680792258423829,0.537315882298338,0.042264840264762245,4,0.8899763297131709,0.8899763297131709,0.731920774157617,0.2680792258423829,2,0.042264840264762245
0.45796992481202986,0.9198872180451132,0.3566802422723478,0.5275616819827345,0.1595012927031042,4,0.9198872180451132,0.9198872180451132,0.6433197577276522,0.3566802422723478,2,0.1595012927031042
0.44950013923698146,0.8699735449735456,0.24146755778334864,0.5823583031653196,0.0045198735133705065,4,0.8699735449735456,0.8699735449735456,0.7585324422166514,0.24146755778334864,2,0.0045198735133705065
0.42504780469692827,0.8389933166248957,0.2971578251183494,0.7127128933444697,0.0,4,0.8389933166248957,0.8389933166248957,0.7028421748816507,0.2971578251183494,3,0.0
0.38149958228905584,0.7932163742690062,0.28942355889724314,0.8612013366750202,0.0,3,0.7932163742690062,0.7932163742690062,0.7105764411027569,0.28942355889724314,3,0.0
0.3603086419753089,0.7453703703703703,0.28467592592592544,0.9311111111111106,0.0,3,0.7453703703703703,0.7453703703703703,0.7153240740740745,0.28467592592592544,4,0.0
0.3561143599740087,0.7608855472013365,0.36150480367585536,0.9078765432098773,0.0,3,0.7608855472013365,0.7608855472013365,0.6384951963241446,0.36150480367585536,4,0.0
0.3509189640768594,0.7894235588972419,0.32413324979114616,0.8719871901977166,0.0,3,0.7894235588972419,0.7894235588972419,0.6758667502088538,0.32413324979114616,3,0.0
0.3522203657291377,0.8091464773043721,0.2598440545808969,0.8970232989882108,0.0,3,0.8091464773043721,0.8091464773043721,0.7401559454191031,0.2598440545808969,4,0.0
0.3497131718184344,0.8296519075466446,0.255580966304649,0.934866054023949,0.0,3,0.8296519075466446,0.8296519075466446,0.744419033695351,0.255580966304649,4,0.0
0.35653021442495225,0.8101796157059314,0.2729720133667518,0.9202528543581177,0.0,3,0.8101796157059314,0.8101796157059314,0.7270279866332482,0.2729720133667518,4,0.0
0.3301898264178969,0.8119298245614033,0.19039021164021136,0.8687908660540241,0.0,3,0.8119298245614033,0.8119298245614033,0.8096097883597886,0.19039021164021136,3,0.0
0.2941650422352173,0.8423586744639378,0.2356262183235861,0.8278609486679667,0.004775828460038869,3,0.8423586744639378,0.8423586744639378,0.7643737816764139,0.2356262183235861,3,0.004775828460038869
0.31115705931495496,0.8037259816207186,0.2876002506265668,0.8584271790587571,0.018185578839041993,3,0.8037259816207186,0.8037259816207186,0.7123997493734332,0.2876002506265668,3,0.018185578839041993
0.26805393112410864,0.7822110832637142,0.2588290169869104,0.8858043256288881,0.0,2,0.7822110832637142,0.7822110832637142,0.7411709830130896,0.2588290169869104,4,0.0
0.20094866796621141,0.8149262043998887,0.37760407964355225,0.7938826696370564,0.0,2,0.8149262043998887,0.8149262043998887,0.6223959203564478,0.37760407964355225,3,0.0
0.31940685045948214,0.7682706766917295,0.5384972848788631,0.5822289055973289,0.0,3,0.7682706766917295,0.7682706766917295,0.46150271512113694,0.5384972848788631,2,0.0
0.27000278473962874,0.701008075744919,0.5987830687830685,0.4479318667037976,0.0,2,0.701008075744919,0.701008075744919,0.40121693121693147,0.5987830687830685,2,0.0
0.1959301030353657,0.6883500417710949,0.5160007658033992,0.4336650886475444,0.0,2,0.6883500417710949,0.6883500417710949,0.48399923419660085,0.5160007658033992,2,0.0
0.18529239766081923,0.6993859649122803,0.477587719298245,0.47169980506822584,0.0,2,0.6993859649122803,0.6993859649122803,0.522412280701755,0.477587719298245,2,0.0
0.16965933351898296,0.6745377332219435,0.5033862433862432,0.5147635756056799,0.04783536658377625,2,0.6745377332219435,0.6745377332219435,0.49661375661375684,0.5033862433862432,2,0.04783536658377625
0.12093984962405888,0.7138735728209427,0.48279796714007367,0.5376058665181477,0.0,1,0.7138735728209427,0.7138735728209427,0.5172020328599263,0.48279796714007367,2,0.0
0.11901420217209699,0.7126065162907266,0.4159064327485383,0.5143252575884156,0.0,1,0.7126065162907266,0.7126065162907266,0.5840935672514618,0.4159064327485383,2,0.0
0.13099879327949474,0.7352130325814534,0.35291353383458707,0.5702001299545147,0.0628539361054709,1,0.7352130325814534,0.7352130325814534,0.647086466165413,0.35291353383458707,2,0.0628539361054709
0.11644620811287203,0.8056349206349196,0.26051587301587265,0.5800564373897731,0.01196721375066047,1,0.8056349206349196,0.8056349206349196,0.7394841269841274,0.26051587301587265,2,0.01196721375066047
0.2548677248677236,0.8364411027568925,0.3597545948203811,0.42193706488443583,0.07254010027668745,2,0.8364411027568925,0.8364411027568925,0.6402454051796189,0.3597545948203811,2,0.07254010027668745
0.2760331384015594,0.7796686159844052,0.4778898635477589,0.3824145549057823,0.0013645224171538713,2,0.7796686159844052,0.7796686159844052,0.5221101364522411,0.4778898635477589,2,0.0013645224171538713
0.19201104613385528,0.884317738791421,0.24376496797549863,0.43699266685231564,0.00555555555555555,2,0.884317738791421,0.884317738791421,0.7562350320245014,0.24376496797549863,2,0.00555555555555555
0.20620718462823534,0.8542648287385133,0.2102767335004135,0.36583625730994374,0.034324227438414144,2,0.8542648287385133,0.8542648287385133,0.7897232664995865,0.2102767335004135,1,0.034324227438414144
0.2590346235960271,0.8840893901420219,0.3169771651350607,0.36494551192796687,0.19839288965517454,2,0.8840893901420219,0.8840893901420219,0.6830228348649393,0.3169771651350607,1,0.19839288965517454
0.1952747609765169,0.8889752158173203,0.18146094402673474,0.5215670658126779,0.06962325866725688,2,0.8889752158173203,0.8889752158173203,0.8185390559732653,0.18146094402673474,2,0.06962325866725688
0.19361737677527008,0.8460442773600687,0.20857456140350503,0.623219715956558,0.0,2,0.8460442773600687,0.8460442773600687,0.791425438596495,0.20857456140350503,2,0.0
0.2591780376868075,0.8291297688666105,0.514391186299073,0.5155783904205,0.11531208034679247,2,0.8291297688666105,0.8291297688666105,0.485608813700927,0.514391186299073,2,0.11531208034679247
0.3992072774528903,0.8215984405458097,0.6998269980506828,0.2971293047433407,0.08374968275123645,4,0.8215984405458097,0.8215984405458097,0.3001730019493172,0.6998269980506828,1,0.08374968275123645
0.45956836535783946,0.778078529657476,0.4870791562238978,0.30749874686716683,0.0,4,0.778078529657476,0.778078529657476,0.5129208437761021,0.4870791562238978,1,0.0
0.41430567158637394,0.8136354775828462,0.2687367724867725,0.36613218230762024,0.06462730251184962,4,0.8136354775828462,0.8136354775828462,0.7312632275132275,0.2687367724867725,1,0.06462730251184962
0.3008614127912383,0.804348370927318,0.3276907546644393,0.4474449085677142,0.033838432601587795,3,0.804348370927318,0.804348370927318,0.6723092453355607,0.3276907546644393,2,0.033838432601587795
0.31459203564466653,0.7816416040100257,0.32258249791144483,0.47129379003063276,0.0,3,0.7816416040100257,0.7816416040100257,0.6774175020885551,0.32258249791144483,2,0.0
0.3496792908196404,0.7841492620439987,0.2962997772208318,0.3727565209319602,0.0,3,0.7841492620439987,0.7841492620439987,0.7037002227791682,0.2962997772208318,1,0.0
0.29359695535134595,0.856055416318571,0.18676830966304764,0.3676428107305287,0.0,3,0.856055416318571,0.856055416318571,0.8132316903369523,0.18676830966304764,1,0.0
0.24738791423001882,0.8823976608187138,0.1737500000000001,0.45454970760233804,0.0,2,0.8823976608187138,0.8823976608187138,0.8262499999999999,0.1737500000000001,2,0.0
0.3231982734614299,0.8728195488721803,0.17140211640211692,0.5537204121414634,0.10593690167148677,3,0.8728195488721803,0.8728195488721803,0.8285978835978831,0.17140211640211692,2,0.10593690167148677
0.34478279030910675,0.8940406571985516,0.13515107212475705,0.6453780748166694,0.04139432381634667,3,0.8940406571985516,0.8940406571985516,0.8648489278752429,0.13515107212475705,3,0.04139432381634667
0.34740740740740655,0.9187301587301585,0.134166666666666,0.6448677248677259,0.08956249681309841,3,0.9187301587301585,0.9187301587301585,0.865833333333334,0.134166666666666,3,0.08956249681309841
0.3485718926946991,0.9358966861598444,0.1352645502645506,0.5780614499210992,0.16448555157158634,3,0.9358966861598444,0.9358966861598444,0.8647354497354494,0.1352645502645506,2,0.16448555157158634
0.4067130789937792,0.9009287106655542,0.16773496240601307,0.5548211268913028,0.0372310761025168,4,0.9009287106655542,0.9009287106655542,0.832265037593987,0.16773496240601307,2,0.0372310761025168
0.44031746031746033,0.8441812865497081,0.33897974101921274,0.4959253689780011,0.0,4,0.8441812865497081,0.8441812865497081,0.6610202589807872,0.33897974101921274,2,0.0
0.41462638076673214,0.8204775828460034,0.39866715399610275,0.3621325536062391,0.08198730166923705,4,0.8204775828460034,0.8204775828460034,0.6013328460038972,0.39866715399610275,1,0.08198730166923705
0.43680683189455005,0.8543984962406018,0.4690859092174844,0.25941594727559636,0.13647693103066638,4,0.8543984962406018,0.8543984962406018,0.5309140907825156,0.4690859092174844,1,0.13647693103066638
0.4237134502923995,0.8483583959899749,0.5906401420217174,0.27886939571150093,0.17548404017166794,4,0.8483583959899749,0.8483583959899749,0.40935985797828256,0.5906401420217174,1,0.17548404017166794
0.39100064977257926,0.833933444722918,0.6675020885547218,0.25294365543488395,0.24342984926199468,4,0.833933444722918,0.833933444722918,0.3324979114452782,0.6675020885547218,1,0.24342984926199468
0.4121813793743617,0.8618546365914787,0.6043194792536893,0.2720285899935014,0.2041079523835568,4,0.8618546365914787,0.8618546365914787,0.39568052074631066,0.6043194792536893,1,0.2041079523835568
0.4105792258423834,0.8334001670843789,0.5506474519632436,0.3354118629908092,0.11091685661701933,4,0.8334001670843789,0.8334001670843789,0.4493525480367564,0.5506474519632436,1,0.11091685661701933
0.4026668523159756,0.8062907268170418,0.5968748259537722,0.3429700176366843,0.06671067897512088,4,0.8062907268170418,0.8062907268170418,0.40312517404622783,0.5968748259537722,1,0.06671067897512088
0.3595419103313844,0.8511013645224171,0.49727095516569464,0.3841182586094858,0.1341014917082218,3,0.8511013645224171,0.8511013645224171,0.5027290448343054,0.49727095516569464,2,0.1341014917082218
0.3266569200779725,0.8533918128654981,0.31267648287385225,0.4235176830966304,0.09875208750660927,3,0.8533918128654981,0.8533918128654981,0.6873235171261478,0.31267648287385225,2,0.09875208750660927
0.3365181472199017,0.7754887218045108,0.44724345586186787,0.3644745196324176,0.022577341810941974,3,0.7754887218045108,0.7754887218045108,0.5527565441381321,0.44724345586186787,1,0.022577341810941974
0.34743896778984473,0.8395795043163458,0.6729358117516011,0.21974101921470385,0.2398268708163301,3,0.8395795043163458,0.8395795043163458,0.3270641882483989,0.6729358117516011,1,0.2398268708163301
0.3562252854358116,0.8399665831244786,0.25271198830409825,0.26495516569200583,0.026014003749528353,3,0.8399665831244786,0.8399665831244786,0.7472880116959018,0.25271198830409825,1,0.026014003749528353
0.3420087255174983,0.8519521024784171,0.1645084934558593,0.36567919799498644,0.0,3,0.8519521024784171,0.8519521024784171,0.8354915065441407,0.1645084934558593,1,0.0
0.32491320894829717,0.821498189919244,0.3238551239209102,0.3765018100807578,0.0,3,0.821498189919244,0.821498189919244,0.6761448760790898,0.3238551239209102,2,0.0
0.300350877192982,0.7919298245614028,0.4144078947368414,0.31422222222222285,0.06776252362268324,3,0.7919298245614028,0.7919298245614028,0.5855921052631585,0.4144078947368414,1,0.06776252362268324
0.3562345679012334,0.868280423280422,0.523888888888887,0.27226102292768956,0.17405543922447092,3,0.868280423280422,0.868280423280422,0.47611111111111304,0.523888888888887,1,0.17405543922447092
0.40203703703703697,0.8402339181286558,0.42648426622111363,0.34300120672050244,0.060262723852607,4,0.8402339181286558,0.8402339181286558,0.5735157337788863,0.42648426622111363,1,0.060262723852607
0.37064188248398744,0.8749582289055975,0.24716896407685923,0.4026254525201892,0.023570226039551584,3,0.8749582289055975,0.8749582289055975,0.7528310359231407,0.24716896407685923,2,0.023570226039551584
0.36881045205606644,0.8959370648844325,0.25216165413533703,0.40922417153996105,0.0,3,0.8959370648844325,0.8959370648844325,0.7478383458646629,0.25216165413533703,2,0.0
0.3479578576069804,0.9019242550821516,0.4380506822612043,0.3942160957950432,0.07946750288128927,3,0.9019242550821516,0.9019242550821516,0.5619493177387958,0.4380506822612043,2,0.07946750288128927
0.32648287385129576,0.85234335839599,0.5500146198830399,0.3885808966861598,0.07990174449075002,3,0.85234335839599,0.85234335839599,0.4499853801169601,0.5500146198830399,2,0.07990174449075002
0.2913450292397665,0.8890935672514612,0.5217373294346994,0.3666367771280052,0.12685571071778204,3,0.8890935672514612,0.8890935672514612,0.4782626705653006,0.5217373294346994,1,0.12685571071778204
0.29930706395618584,0.9316262879420781,0.4016148008911175,0.3476881091617934,0.152189992294506,3,0.9316262879420781,0.9316262879420781,0.5983851991088824,0.4016148008911175,1,0.152189992294506
0.32039125591757234,0.8848788638262326,0.3451555973266514,0.3344132553606238,0.0711941435576062,3,0.8848788638262326,0.8848788638262326,0.6548444026733486,0.3451555973266514,1,0.0711941435576062
0.31540332312262154,0.8596658312447787,0.3569141604010025,0.3484797178130507,0.1565148812844339,3,0.8596658312447787,0.8596658312447787,0.6430858395989976,0.3569141604010025,1,0.1565148812844339
0.3076603545901781,0.8560066833751054,0.3759252297410159,0.365954144620811,0.19559598090005584,3,0.8560066833751054,0.8560066833751054,0.6240747702589842,0.3759252297410159,1,0.19559598090005584
0.2754608744082475,0.8528529657476994,0.4023402255639128,0.35938902812586976,0.23924483486361775,2,0.8528529657476994,0.8528529657476994,0.5976597744360872,0.4023402255639128,1,0.23924483486361775
0.2527963427086239,0.8605388471177939,0.42190476190476073,0.3902506265664147,0.14227703498656133,2,0.8605388471177939,0.8605388471177939,0.5780952380952393,0.42190476190476073,2,0.14227703498656133
0.23003898635477565,0.8858479532163744,0.3970760233918127,0.42711760883690697,0.07430932801418907,2,0.8858479532163744,0.8858479532163744,0.6029239766081873,0.3970760233918127,2,0.07430932801418907
0.2477875243664723,0.857694235588973,0.39031954887218123,0.47867279309384503,0.09379044130394977,2,0.857694235588973,0.857694235588973,0.6096804511278188,0.39031954887218123,2,0.09379044130394977
0.2987835329063356,0.7758841548315275,0.4678696741854593,0.47321823076209213,0.02783607691701767,3,0.7758841548315275,0.7758841548315275,0.5321303258145407,0.4678696741854593,2,0.02783607691701767
0.3965190754664426,0.850420495683652,0.39155632135895396,0.3197410192147063,0.1038379914964478,4,0.850420495683652,0.850420495683652,0.6084436786410461,0.39155632135895396,1,0.1038379914964478
0.39416736285157306,0.9197911445279872,0.3781735588972426,0.19186299081035826,0.22102711727438792,4,0.9197911445279872,0.9197911445279872,0.6218264411027574,0.3781735588972426,1,0.22102711727438792
0.3733050218137938,0.9554539125591757,0.37689536340852103,0.14521024784182726,0.2566600539568822,3,0.9554539125591757,0.9554539125591757,0.623104636591479,0.37689536340852103,1,0.2566600539568822
0.3314109347442687,0.9208201058201109,0.38382275132274984,0.14499470899470512,0.26073374972374513,3,0.9208201058201109,0.9208201058201109,0.6161772486772501,0.38382275132274984,1,0.26073374972374513
0.2576315789473703,0.8254678362573106,0.37771198830409475,0.2671500974658851,0.1343202529646818,2,0.8254678362573106,0.8254678362573106,0.6222880116959053,0.37771198830409475,1,0.1343202529646818
0.2045335561125038,0.7980618212197153,0.3391269841269832,0.36041826789195486,0.027398294694258696,2,0.7980618212197153,0.7980618212197153,0.6608730158730167,0.3391269841269832,1,0.027398294694258696
0.15280933816021558,0.8366583124477858,0.277987329434698,0.5413413162535963,0.03027587506280428,1,0.8366583124477858,0.8366583124477858,0.722012670565302,0.277987329434698,2,0.03027587506280428
0.23874547479810238,0.730647451963243,0.29748329156223396,0.5591952102478457,0.018430853444458134,2,0.730647451963243,0.730647451963243,0.702516708437766,0.29748329156223396,2,0.018430853444458134
0.30288777499303593,0.8196143135616804,0.3708389028125915,0.36510479903462967,0.08697407043860735,3,0.8196143135616804,0.8196143135616804,0.6291610971874084,0.3708389028125915,1,0.08697407043860735
0.3239561867632037,0.8310776942355887,0.2882971317181848,0.25515603824375716,0.02881192178374433,3,0.8310776942355887,0.8310776942355887,0.7117028682818152,0.2882971317181848,1,0.02881192178374433
0.3243595098858275,0.7630910609857985,0.43908416875521905,0.3382021720969054,0.0,3,0.7630910609857985,0.7630910609857985,0.560915831244781,0.43908416875521905,1,0.0
0.24952566601689316,0.6906725146198932,0.4480019493177416,0.5399090318388451,0.0,2,0.6906725146198932,0.6906725146198932,0.5519980506822584,0.4480019493177416,2,0.0
0.22876311148241085,0.7263728766360298,0.24346839320523597,0.5792505337417642,0.0,2,0.7263728766360298,0.7263728766360298,0.756531606794764,0.24346839320523597,2,0.0
0.29522277917014755,0.7143441938178782,0.4721856725146198,0.46203341687552185,0.0,3,0.7143441938178782,0.7143441938178782,0.5278143274853802,0.4721856725146198,2,0.0
0.31397660818713335,0.7644945697577257,0.40450918964077337,0.4441249419845894,0.027032320435727206,3,0.7644945697577257,0.7644945697577257,0.5954908103592267,0.40450918964077337,2,0.027032320435727206
0.31053606237816667,0.8411264271790583,0.2555068226120789,0.5154898357003611,0.035359768833601875,3,0.8411264271790583,0.8411264271790583,0.7444931773879211,0.2555068226120789,2,0.035359768833601875
0.42973962684488703,0.7784168755221401,0.5712332915622329,0.4783553327763865,0.06461969857878082,4,0.7784168755221401,0.7784168755221401,0.4287667084377671,0.5712332915622329,2,0.06461969857878082
0.4610906896871811,0.796940963519911,0.44066416040100215,0.5257579133017731,0.00716089717105208,4,0.796940963519911,0.796940963519911,0.5593358395989978,0.44066416040100215,2,0.00716089717105208
0.5183853151397014,0.8297076023391813,0.403547758284601,0.5164457439896045,0.06666670774949203,5,0.8297076023391813,0.8297076023391813,0.596452241715399,0.403547758284601,2,0.06666670774949203
0.5106056808688401,0.7395781119465367,0.5267199248120231,0.48689724310776983,0.0,5,0.7395781119465367,0.7395781119465367,0.4732800751879769,0.5267199248120231,2,0.0
0.46372041214146414,0.742724867724868,0.5311243386243384,0.4724487143785387,0.0,4,0.742724867724868,0.742724867724868,0.4688756613756616,0.5311243386243384,2,0.0
0.48133203378817396,0.7932804232804246,0.3781001113895823,0.5171426714935494,0.04510713415859052,4,0.7932804232804246,0.7932804232804246,0.6218998886104177,0.3781001113895823,2,0.04510713415859052
0.5313756613756601,0.7557142857142883,0.4607341269841256,0.5321481481481483,0.010085876136905814,5,0.7557142857142883,0.7557142857142883,0.5392658730158744,0.4607341269841256,2,0.010085876136905814
0.5008767288591831,0.7934405458089665,0.3281672932330779,0.5332299266685235,0.0,5,0.7934405458089665,0.7934405458089665,0.6718327067669221,0.3281672932330779,2,0.0
0.5578506451313465,0.7905123920913396,0.5090946115288197,0.5180155945419106,0.0,5,0.7905123920913396,0.7905123920913396,0.49090538847118026,0.5090946115288197,2,0.0
0.5403118908382065,0.7873099415204678,0.6222953216374266,0.4750019493177389,0.0298245614035087,5,0.7873099415204678,0.7873099415204678,0.3777046783625734,0.6222953216374266,2,0.0298245614035087
0.48506126427179497,0.8082010582010559,0.3434502923976812,0.4585840527244024,0.006460595934283098,4,0.8082010582010559,0.8082010582010559,0.6565497076023188,0.3434502923976812,2,0.006460595934283098
0.43244036015966136,0.805438596491226,0.2404869813422412,0.5344563260001828,0.0,4,0.805438596491226,0.805438596491226,0.7595130186577588,0.2404869813422412,2,0.0
0.37066555277081686,0.8187426900584819,0.28144736842105444,0.5887056530214417,0.01701309548719458,3,0.8187426900584819,0.8187426900584819,0.7185526315789456,0.28144736842105444,2,0.01701309548719458
0.3338809987932797,0.796399331662489,0.2594747284878851,0.5605142485844249,0.011558665568268464,3,0.796399331662489,0.796399331662489,0.7405252715121149,0.2594747284878851,2,0.011558665568268464
0.4989445836814216,0.7754566972988034,0.5509241854636509,0.47432098765432246,0.015178060042049338,4,0.7754566972988034,0.7754566972988034,0.44907581453634915,0.5509241854636509,2,0.015178060042049338
0.5531773879142288,0.7433208020050143,0.632133458646616,0.4756429963798364,0.000361748288967189,5,0.7433208020050143,0.7433208020050143,0.36786654135338404,0.632133458646616,2,0.000361748288967189
0.40310916179337763,0.7517933723196872,0.35517543859649947,0.6381624431448937,0.0,4,0.7517933723196872,0.7517933723196872,0.6448245614035005,0.35517543859649947,3,0.0
0.37883783532906334,0.6994346978557503,0.2017791005291003,0.7792600018564932,0.0,3,0.6994346978557503,0.6994346978557503,0.7982208994708997,0.2017791005291003,3,0.0
0.3838304093567212,0.8038554720133678,0.27664578111946025,0.7405703146755798,0.0,3,0.8038554720133678,0.8038554720133678,0.7233542188805397,0.27664578111946025,3,0.0
0.4761171447136387,0.789807852965744,0.3195126705653078,0.6425441381230891,0.0,4,0.789807852965744,0.789807852965744,0.6804873294346923,0.3195126705653078,3,0.0
0.519952195303072,0.7913227513227504,0.2882268170426061,0.588211454562332,0.03145352128551521,5,0.7913227513227504,0.7913227513227504,0.7117731829573939,0.2882268170426061,2,0.03145352128551521
0.3690921748816478,0.8888638262322466,0.38087928153717643,0.6754909495962137,0.1960001292718284,3,0.8888638262322466,0.8888638262322466,0.6191207184628236,0.38087928153717643,3,0.1960001292718284
0.29139701104613475,0.8360623781676413,0.21538255360623854,0.742284600389863,0.03037869859187281,3,0.8360623781676413,0.8360623781676413,0.7846174463937614,0.21538255360623854,3,0.03037869859187281
0.3475568551007099,0.7188401559454237,0.2250462962962966,0.7440649772579603,0.0,3,0.7188401559454237,0.7188401559454237,0.7749537037037034,0.2250462962962966,3,0.0
0.334165970481759,0.8160776942355888,0.19964598997493638,0.7151122250069618,0.0,3,0.8160776942355888,0.8160776942355888,0.8003540100250637,0.19964598997493638,3,0.0
0.48121693121693276,0.8320634920634927,0.24509259259259195,0.6663985890652552,0.0,4,0.8320634920634927,0.8320634920634927,0.754907407407408,0.24509259259259195,3,0.0
0.5106158915808032,0.8231676413255371,0.28847674742411406,0.6119548872180466,0.0,5,0.8231676413255371,0.8231676413255371,0.7115232525758859,0.28847674742411406,2,0.0
0.452302979671398,0.8036215538847188,0.35153404344191314,0.5473294346978602,0.0,4,0.8036215538847188,0.8036215538847188,0.6484659565580868,0.35153404344191314,2,0.0
0.5070760233918116,0.7331927039821774,0.712854010025052,0.42198570500325555,0.04838700087510054,5,0.7331927039821774,0.7331927039821774,0.287145989974948,0.712854010025052,2,0.04838700087510054
0.4757170704539125,0.6913157894736842,0.7397013366750206,0.4060861412791236,0.020750949735002883,4,0.6913157894736842,0.6913157894736842,0.2602986633249794,0.7397013366750206,2,0.020750949735002883
0.46327485380116934,0.7288304093567213,0.8225292397660737,0.4277699805068257,0.04415213187926555,4,0.7288304093567213,0.7288304093567213,0.17747076023392627,0.8225292397660737,2,0.04415213187926555
0.45789937807482384,0.7918671679197998,0.8054051796157212,0.27232024505709285,0.2568519794639285,4,0.7918671679197998,0.7918671679197998,0.19459482038427878,0.8054051796157212,1,0.2568519794639285
0.3941483337974567,0.6828877749930372,0.7057212475633604,0.2572804232804206,0.04088850855481408,4,0.6828877749930372,0.6828877749930372,0.2942787524366396,0.7057212475633604,1,0.04088850855481408
0.330367585630744,0.7685338345864657,0.38500417710944146,0.35770036201615085,0.0,3,0.7685338345864657,0.7685338345864657,0.6149958228905585,0.38500417710944146,1,0.0
0.37635431170518885,0.7115692007797254,0.3556721665274307,0.44408669822704777,0.0,3,0.7115692007797254,0.7115692007797254,0.6443278334725693,0.3556721665274307,2,0.0
0.40064652371669446,0.7769437482595394,0.5451935394040497,0.4253576533927443,0.042522974101917556,4,0.7769437482595394,0.7769437482595394,0.4548064605959503,0.5451935394040497,2,0.042522974101917556
0.36257031467557915,0.7359732664995824,0.5561142439431924,0.42994430520746135,0.0444140021464873,3,0.7359732664995824,0.7359732664995824,0.4438857560568076,0.5561142439431924,2,0.0444140021464873
0.465373619233269,0.7539181286549711,0.6566617933723197,0.48066276803118907,0.057716139205895856,4,0.7539181286549711,0.7539181286549711,0.34333820662768033,0.6566617933723197,2,0.057716139205895856
0.5717970853058555,0.7204204956836562,0.7527429685324395,0.48523790958878654,0.006392066422819132,5,0.7204204956836562,0.7204204956836562,0.2472570314675605,0.7527429685324395,2,0.006392066422819132
0.541569200779731,0.7177443609022496,0.45791144527988525,0.5535187969924766,0.0,5,0.7177443609022496,0.7177443609022496,0.5420885547201147,0.45791144527988525,2,0.0
0.5479388285528634,0.7739571150097463,0.21056042884990323,0.6889501531606778,0.0,5,0.7739571150097463,0.7739571150097463,0.7894395711500968,0.21056042884990323,3,0.0
0.4470788081314394,0.8910052910052911,0.20178188526872645,0.7739457904019307,0.0,4,0.8910052910052911,0.8910052910052911,0.7982181147312736,0.20178188526872645,3,0.0
0.4264647730437207,0.8862990810359227,0.20969820384294074,0.7621436925647453,0.0,4,0.8862990810359227,0.8862990810359227,0.7903017961570593,0.20969820384294074,3,0.0
0.4947637612549847,0.8185700362016207,0.25717975494290957,0.6947498375568576,0.0,4,0.8185700362016207,0.8185700362016207,0.7428202450570904,0.25717975494290957,3,0.0
0.42771604938271207,0.7988888888888952,0.22694444444444356,0.6613580246913587,0.0,4,0.7988888888888952,0.7988888888888952,0.7730555555555565,0.22694444444444356,3,0.0
0.4865413533834597,0.7075814536340846,0.2289484126984121,0.6239799498746876,0.0,4,0.7075814536340846,0.7075814536340846,0.771051587301588,0.2289484126984121,2,0.0
0.4375944490856761,0.7704135338345882,0.2877053745474788,0.6056884804604098,0.0,4,0.7704135338345882,0.7704135338345882,0.7122946254525212,0.2877053745474788,2,0.0
0.34516615613106455,0.7460665552770864,0.25594681147311765,0.6630379652835806,0.0,3,0.7460665552770864,0.7460665552770864,0.7440531885268824,0.25594681147311765,3,0.0
0.48523670286827647,0.6945279866332483,0.5541812865496923,0.5737142857142912,0.007017916805938201,4,0.6945279866332483,0.6945279866332483,0.44581871345030766,0.5541812865496923,2,0.007017916805938201
0.5506256381694984,0.7776608187134497,0.7052871762740202,0.42325053374176325,0.13639254362989994,5,0.7776608187134497,0.7776608187134497,0.29471282372597984,0.7052871762740202,2,0.13639254362989994
0.38719205420960334,0.775563909774439,0.5313123085491518,0.35322324329341814,0.11445159431428599,3,0.775563909774439,0.775563909774439,0.4686876914508482,0.5313123085491518,1,0.11445159431428599
0.3428070175438661,0.652485380116955,0.5041008771929952,0.5216335282650978,0.037400282264271514,3,0.652485380116955,0.652485380116955,0.49589912280700477,0.5041008771929952,2,0.037400282264271514
0.31481017358209956,0.6571484266221117,0.3866791979949882,0.6510372226863456,0.0,3,0.6571484266221117,0.6571484266221117,0.6133208020050118,0.3866791979949882,3,0.0
0.42668244685788537,0.7562030075187971,0.34328320802004986,0.6010034345122063,0.05271077764079945,4,0.7562030075187971,0.7562030075187971,0.6567167919799501,0.34328320802004986,2,0.05271077764079945
0.44251322751323036,0.6812656641604027,0.43619883040935503,0.5782433862433854,0.023293806100402596,4,0.6812656641604027,0.6812656641604027,0.563801169590645,0.43619883040935503,2,0.023293806100402596
0.36617701661561025,0.6435394040657249,0.5812367724867612,0.6285602896129182,0.0,3,0.6435394040657249,0.6435394040657249,0.4187632275132388,0.5812367724867612,3,0.0
0.35678891673628604,0.6854747981063744,0.48517745753272185,0.7150278288313378,0.009111988150207233,3,0.6854747981063744,0.6854747981063744,0.5148225424672781,0.48517745753272185,3,0.009111988150207233
0.419928989139515,0.7271762740183793,0.7238857560568082,0.5972988025619598,0.09489708277561287,4,0.7271762740183793,0.7271762740183793,0.27611424394319184,0.7238857560568082,2,0.09489708277561287
0.4027517868745917,0.6842787524366499,0.6148001949317732,0.6187381416504206,0.009089165106818495,4,0.6842787524366499,0.6842787524366499,0.3851998050682268,0.6148001949317732,2,0.009089165106818495
0.4555374547479827,0.686197438039529,0.4542373294347129,0.7204472291840676,0.0,4,0.686197438039529,0.686197438039529,0.5457626705652872,0.4542373294347129,3,0.0
0.5587496519075456,0.7392021720969093,0.4038095238095234,0.7471612364243941,0.0,5,0.7392021720969093,0.7392021720969093,0.5961904761904766,0.4038095238095234,3,0.0
0.5045730065905503,0.7904260651629074,0.34670321637426843,0.7076309291747888,0.0,5,0.7904260651629074,0.7904260651629074,0.6532967836257315,0.34670321637426843,3,0.0
0.44952566601690436,0.7751893622946223,0.4177022417154096,0.6543716699155279,0.039283710065919304,4,0.7751893622946223,0.7751893622946223,0.5822977582845904,0.4177022417154096,3,0.039283710065919304
0.3826984126984065,0.675079365079375,0.29152777777777494,0.6516825396825447,0.0022447834323395385,3,0.675079365079375,0.675079365079375,0.7084722222222251,0.29152777777777494,3,0.0022447834323395385
0.4436424394319105,0.762316903369533,0.4801900584795263,0.47591051703332843,0.08171181318258941,4,0.762316903369533,0.762316903369533,0.5198099415204738,0.4801900584795263,2,0.08171181318258941
0.4265302144249531,0.7466569200779734,0.49413255360624075,0.45665367121507316,0.0418128654970772,4,0.7466569200779734,0.7466569200779734,0.5058674463937592,0.49413255360624075,2,0.0418128654970772
0.41760512392090676,0.7395029239766099,0.4905482456140209,0.4813071567808479,0.05330870885045175,4,0.7395029239766099,0.7395029239766099,0.5094517543859791,0.4905482456140209,2,0.05330870885045175
0.44336118072960634,0.6635505430242324,0.8403881230854915,0.35608075744916745,0.08725279759527572,4,0.6635505430242324,0.6635505430242324,0.1596118769145085,0.8403881230854915,1,0.08725279759527572
0.3643121693121724,0.6481773879142277,0.5764842662211207,0.5994350691543612,0.0,3,0.6481773879142277,0.6481773879142277,0.4235157337788793,0.5764842662211207,2,0.0
0.4153160679476461,0.6717335004177113,0.297268170426065,0.7114397103870785,0.0,4,0.6717335004177113,0.6717335004177113,0.702731829573935,0.297268170426065,3,0.0
0.4375847024969858,0.7099108883319378,0.2183636173767781,0.713365265014388,0.0,4,0.7099108883319378,0.7099108883319378,0.7816363826232219,0.2183636173767781,3,0.0
0.559771187227325,0.6464202172096903,0.3281787802840434,0.6952577740647922,0.0,5,0.6464202172096903,0.6464202172096903,0.6718212197159565,0.3281787802840434,3,0.0
0.5823781676413234,0.7460526315789469,0.2570394736842093,0.686031189083821,0.0,5,0.7460526315789469,0.7460526315789469,0.7429605263157907,0.2570394736842093,3,0.0
0.5719042977814897,0.8081787802840443,0.27401594263436335,0.6387574491785014,0.0,5,0.8081787802840443,0.8081787802840443,0.7259840573656366,0.27401594263436335,3,0.0
0.4707360995080317,0.7655834029518249,0.4641224589250886,0.5816623039079177,0.07976905601597227,4,0.7655834029518249,0.7655834029518249,0.5358775410749115,0.4641224589250886,2,0.07976905601597227
0.3849763297131687,0.6770718462823792,0.4249383876357591,0.6093093845725421,0.0018810911026247226,3,0.6770718462823792,0.6770718462823792,0.5750616123642409,0.4249383876357591,2,0.0018810911026247226
0.4483918128654992,0.6462002227791644,0.40287002227791524,0.47761384943841645,0.07238671955453863,4,0.6462002227791644,0.6462002227791644,0.5971299777220848,0.40287002227791524,2,0.07238671955453863
0.4545739348370926,0.6466666666666666,0.5998329156223912,0.36645539775364266,0.1082123142683377,4,0.6466666666666666,0.6466666666666666,0.40016708437760884,0.5998329156223912,1,0.1082123142683377
0.4793929267613458,0.6771303258145376,0.735833333333329,0.3706260094681136,0.02043934388392262,4,0.6771303258145376,0.6771303258145376,0.264166666666671,0.735833333333329,1,0.02043934388392262
0.4338336582196335,0.7226510721247461,0.463350389863579,0.49507862248212503,0.0,4,0.7226510721247461,0.7226510721247461,0.536649610136421,0.463350389863579,2,0.0
0.4426998050682221,0.7007463102199978,0.22551587301587447,0.562272718834121,0.0,4,0.7007463102199978,0.7007463102199978,0.7744841269841255,0.22551587301587447,2,0.0
0.38794625452519926,0.7879573934837115,0.21163220551378112,0.5928610414926201,0.0,3,0.7879573934837115,0.7879573934837115,0.7883677944862189,0.21163220551378112,2,0.0
0.5655731922398585,0.7261904761904695,0.3216534391534388,0.5745643738977095,0.03533644162789654,5,0.7261904761904695,0.7261904761904695,0.6783465608465612,0.3216534391534388,2,0.03533644162789654
0.626484730344378,0.7637552213868041,0.4969427039821651,0.5102469135802499,0.11129147529683295,6,0.7637552213868041,0.7637552213868041,0.5030572960178349,0.4969427039821651,2,0.11129147529683295
0.5461431356168176,0.7348955722639989,0.5785171261486989,0.5147713728766333,0.03893017164702149,5,0.7348955722639989,0.7348955722639989,0.4214828738513011,0.5785171261486989,2,0.03893017164702149
0.5873851294903927,0.6675619604566967,0.4794159008632718,0.5905703146755774,0.033369675403710115,5,0.6675619604566967,0.6675619604566967,0.5205840991367282,0.4794159008632718,2,0.033369675403710115
0.5736679662118247,0.7470857699805102,0.497012670565295,0.5726952566601694,0.0356948804502461,5,0.7470857699805102,0.7470857699805102,0.5029873294347049,0.497012670565295,2,0.0356948804502461
0.5108535226956269,0.7353091060985809,0.45894319131161054,0.595371762740181,0.0,5,0.7353091060985809,0.7353091060985809,0.5410568086883895,0.45894319131161054,2,0.0
0.49205281722825883,0.6879058758006118,0.4456927039821804,0.6710242272347513,0.0,4,0.6879058758006118,0.6879058758006118,0.5543072960178196,0.4456927039821804,3,0.0
0.4310953309198924,0.6976803118908381,0.27716478696741803,0.7327375847024972,0.0,4,0.6976803118908381,0.6976803118908381,0.7228352130325819,0.27716478696741803,3,0.0
0.38574909495962445,0.7737385129490338,0.15581453634085446,0.7389629629629629,0.0,3,0.7737385129490338,0.7737385129490338,0.8441854636591455,0.15581453634085446,3,0.0
0.42888053467000886,0.7766764132553587,0.2668595098858218,0.7647953216374249,0.015713484026367724,4,0.7766764132553587,0.7766764132553587,0.7331404901141783,0.2668595098858218,3,0.015713484026367724
0.43703146755778255,0.767879420774159,0.4172852269562771,0.8201758098951077,0.0,4,0.767879420774159,0.767879420774159,0.5827147730437229,0.4172852269562771,3,0.0
0.3976900584795323,0.8280994152046778,0.42595029239766086,0.8287056530214421,0.0,4,0.8280994152046778,0.8280994152046778,0.5740497076023392,0.42595029239766086,3,0.0
0.41155945419103623,0.7720996936786393,0.4021049150654494,0.8339909031838851,0.0,4,0.7720996936786393,0.7720996936786393,0.5978950849345506,0.4021049150654494,3,0.0
0.4016262879420729,0.7791269841269894,0.21954399888610474,0.8453156966490296,0.0,4,0.7791269841269894,0.7791269841269894,0.7804560011138952,0.21954399888610474,3,0.0
0.3672013366750257,0.8248496240601438,0.21697577276524999,0.8076981342244511,0.0,3,0.8248496240601438,0.8248496240601438,0.7830242272347501,0.21697577276524999,3,0.0
0.5203128190847485,0.6742397660818725,0.2091137566137556,0.7400415854450955,0.0,5,0.6742397660818725,0.6742397660818725,0.7908862433862444,0.2091137566137556,3,0.0
0.45651629072681665,0.731740462266779,0.2355531189083761,0.6934243014944772,0.0,4,0.731740462266779,0.731740462266779,0.7644468810916238,0.2355531189083761,3,0.0
0.44427875243665377,0.7631453634085127,0.2483239348371001,0.7264049011417413,0.0,4,0.7631453634085127,0.7631453634085127,0.7516760651628999,0.2483239348371001,3,0.0
0.5320532813515191,0.7467738791423046,0.24200779727095284,0.7237621832358687,0.0,5,0.7467738791423046,0.7467738791423046,0.7579922027290471,0.24200779727095284,3,0.0
0.5239682539682533,0.7834126984126992,0.2510648148148128,0.7205820105820103,0.0072276476390706005,5,0.7834126984126992,0.7834126984126992,0.7489351851851872,0.2510648148148128,3,0.0072276476390706005
0.5224060150375985,0.7947451963241395,0.3316969507101087,0.7669122807017521,0.019592408075647542,5,0.7947451963241395,0.7947451963241395,0.6683030492898914,0.3316969507101087,3,0.019592408075647542
0.4691989232340108,0.764312169312175,0.3614748677248667,0.817880441845353,0.0,4,0.764312169312175,0.764312169312175,0.6385251322751333,0.3614748677248667,3,0.0
0.4198551935394002,0.8136521860206124,0.28281502367028266,0.8259522881277268,0.0,4,0.8136521860206124,0.8136521860206124,0.7171849763297173,0.28281502367028266,3,0.0
0.473780284043442,0.6935421888053465,0.35236946532999147,0.8113600668337514,0.0,4,0.6935421888053465,0.6935421888053465,0.6476305346700085,0.35236946532999147,3,0.0
0.5182191590086288,0.6819367864104762,0.3735571567808388,0.7565712429221215,0.0,5,0.6819367864104762,0.6819367864104762,0.6264428432191612,0.3735571567808388,3,0.0
0.4593307342430049,0.681988304093571,0.22628654970760176,0.6932501624431479,0.0,4,0.681988304093571,0.681988304093571,0.7737134502923982,0.22628654970760176,3,0.0
0.6619312169312163,0.6592021720969047,0.2697222222222204,0.6275026455026473,0.018425693279752218,6,0.6592021720969047,0.6592021720969047,0.7302777777777796,0.2697222222222204,3,0.018425693279752218
0.5997563352826516,0.7513464216095788,0.31285296574770216,0.5899186856028957,0.0,5,0.7513464216095788,0.7513464216095788,0.6871470342522978,0.31285296574770216,2,0.0
0.5527313654506669,0.843865218602056,0.27987294625452463,0.5579405922212944,0.13661104718568126,5,0.843865218602056,0.843865218602056,0.7201270537454754,0.27987294625452463,2,0.13661104718568126
0.46750069618491225,0.9014452798663326,0.3524185463659257,0.5639827346143114,0.16013459451033898,4,0.9014452798663326,0.9014452798663326,0.6475814536340743,0.3524185463659257,2,0.16013459451033898
0.498068318945504,0.7943525480367695,0.22020676691728922,0.591098301308828,0.0,4,0.7943525480367695,0.7943525480367695,0.7797932330827108,0.22020676691728922,2,0.0
0.49423419660261714,0.7424450013923702,0.24999303815093243,0.587406850459482,0.0,4,0.7424450013923702,0.7424450013923702,0.7500069618490676,0.24999303815093243,2,0.0
0.45300194931774357,0.7408479532163732,0.35167397660818794,0.6075633528265095,0.0,4,0.7408479532163732,0.7408479532163732,0.648326023391812,0.35167397660818794,2,0.0
0.3726074445372648,0.7130019493177502,0.27733604845447135,0.6183113338902817,0.0,3,0.7130019493177502,0.7130019493177502,0.7226639515455286,0.27733604845447135,2,0.0
0.39579225842383975,0.6739042049568288,0.2223663324979156,0.6048738512949045,0.0,4,0.6739042049568288,0.6739042049568288,0.7776336675020844,0.2223663324979156,2,0.0
0.528624338624338,0.6760693400167077,0.3550052213868,0.5867997772208298,0.0,5,0.6760693400167077,0.6760693400167077,0.6449947786132,0.3550052213868,2,0.0
0.5410034345122033,0.7352520189362303,0.2689198691172382,0.5996134781397926,0.0036619326093004973,5,0.7352520189362303,0.7352520189362303,0.7310801308827618,0.2689198691172382,2,0.0036619326093004973
0.5448811844425975,0.8206892230576294,0.2130698273461413,0.6493422445001361,0.10365359836838664,5,0.8206892230576294,0.8206892230576294,0.7869301726538587,0.2130698273461413,3,0.10365359836838664
0.4479894179894195,0.8714285714285744,0.38714285714285146,0.698539682539681,0.17880426129318924,4,0.8714285714285744,0.8714285714285744,0.6128571428571485,0.38714285714285146,3,0.17880426129318924
0.381825860948667,0.8078752436647191,0.24002680311890878,0.7077725795971411,0.013779221822784776,3,0.8078752436647191,0.8078752436647191,0.7599731968810912,0.24002680311890878,3,0.013779221822784776
0.4718843404808352,0.6562698412698369,0.28631996658312037,0.5983208020050146,0.013718618927691965,4,0.6562698412698369,0.6562698412698369,0.7136800334168796,0.28631996658312037,2,0.013718618927691965
0.4183792815371748,0.6531035923141253,0.3608114035087763,0.5785647451963227,0.010194395316173803,4,0.6531035923141253,0.6531035923141253,0.6391885964912237,0.3608114035087763,2,0.010194395316173803
0.41407685881369743,0.7135449735449749,0.30959690893900677,0.5579831059129321,0.0,4,0.7135449735449749,0.7135449735449749,0.6904030910609933,0.30959690893900677,2,0.0
0.49821823076209043,0.6491785018100807,0.40847918407128947,0.47115733778891705,0.004734057365636256,4,0.6491785018100807,0.6491785018100807,0.5915208159287105,0.40847918407128947,2,0.004734057365636256
0.4485324422166517,0.7490935672514626,0.31645154553049254,0.3961297688666109,0.1182965601212912,4,0.7490935672514626,0.7490935672514626,0.6835484544695074,0.31645154553049254,2,0.1182965601212912
0.40466072588879337,0.8019117237538327,0.2961803815093234,0.4268261394226304,0.04503780835684083,4,0.8019117237538327,0.8019117237538327,0.7038196184906766,0.2961803815093234,2,0.04503780835684083
0.45718323586744763,0.7193177387914218,0.3774975633528265,0.44492137751786787,0.06531461308345388,4,0.7193177387914218,0.7193177387914218,0.6225024366471734,0.3774975633528265,2,0.06531461308345388
0.4483597883597864,0.6456725146198863,0.3907226399331677,0.4773422445001389,0.0,4,0.6456725146198863,0.6456725146198863,0.6092773600668323,0.3907226399331677,2,0.0
0.41009978650329676,0.724404065719852,0.22172793093845933,0.475794857514156,0.0,4,0.724404065719852,0.724404065719852,0.7782720690615407,0.22172793093845933,2,0.0
0.49391998514805446,0.7009133945976012,0.2382671957671958,0.4510966304650528,0.02085019846413006,4,0.7009133945976012,0.7009133945976012,0.7617328042328042,0.2382671957671958,2,0.02085019846413006
0.4986591478696704,0.739565580618219,0.37192042606515885,0.45489055973266324,0.02860037399681841,4,0.739565580618219,0.739565580618219,0.6280795739348412,0.37192042606515885,2,0.02860037399681841
0.4828390420495702,0.7401531606794731,0.24908138401560107,0.4934670008354211,0.017479246499677626,4,0.7401531606794731,0.7401531606794731,0.7509186159843989,0.24908138401560107,2,0.017479246499677626
0.5612596305578748,0.715884154831522,0.23466931216931153,0.5029967511371033,0.039385625777041584,5,0.715884154831522,0.715884154831522,0.7653306878306885,0.23466931216931153,2,0.039385625777041584
0.5869298245613976,0.798362573099413,0.31271198830407904,0.4435165692007842,0.13982055183153416,5,0.798362573099413,0.798362573099413,0.687288011695921,0.31271198830407904,2,0.13982055183153416
0.6153940406572007,0.7947048175995531,0.40203877749930395,0.43464308920449046,0.08737309684454299,6,0.7947048175995531,0.7947048175995531,0.597961222500696,0.40203877749930395,2,0.08737309684454299
0.6566216467093661,0.7214675577833469,0.5248099415204696,0.5514129768866594,0.0,6,0.7214675577833469,0.7214675577833469,0.47519005847953044,0.5248099415204696,2,0.0
0.6395627958785832,0.8184335839598967,0.39043128654970316,0.6558624338624321,0.040295634078764325,6,0.8184335839598967,0.8184335839598967,0.6095687134502968,0.39043128654970316,3,0.040295634078764325
0.6809700176366851,0.8194973544973551,0.37197089947091133,0.6910194003527331,0.007331431989710798,6,0.8194973544973551,0.8194973544973551,0.6280291005290887,0.37197089947091133,3,0.007331431989710798
0.7943079922027249,0.709502923976612,0.3887381648565824,0.6784351619790222,0.0,7,0.709502923976612,0.709502923976612,0.6112618351434176,0.3887381648565824,3,0.0
0.7067752715121136,0.744310776942356,0.3698924394319126,0.7028175995544415,0.0,6,0.744310776942356,0.744310776942356,0.6301075605680875,0.3698924394319126,3,0.0
0.6784925276153368,0.6915984405458064,0.3502485380116995,0.7623599740090962,0.0,6,0.6915984405458064,0.6915984405458064,0.6497514619883005,0.3502485380116995,3,0.0
0.7334827810266306,0.671141743247015,0.3160961431356131,0.7910457625545336,0.0,7,0.671141743247015,0.671141743247015,0.6839038568643869,0.3160961431356131,3,0.0
0.7039501531606763,0.6609189640768608,0.2503717627401829,0.7966432748538014,0.0,6,0.6609189640768608,0.6609189640768608,0.7496282372598171,0.2503717627401829,3,0.0
0.8678877749930379,0.614564188248399,0.2432236842105259,0.7771929824561402,0.0,8,0.614564188248399,0.614564188248399,0.7567763157894741,0.2432236842105259,3,0.0
0.7494249512670572,0.7473851294903926,0.2840709412419882,0.7809798570500318,0.0,7,0.7473851294903926,0.7473851294903926,0.7159290587580118,0.2840709412419882,3,0.0
0.6136299081035915,0.8295530492898978,0.3048120300751817,0.8024043441938179,0.0,6,0.8295530492898978,0.8295530492898978,0.6951879699248182,0.3048120300751817,3,0.0
0.6160085398681904,0.7734419381787787,0.3485202589807867,0.7778104520560672,0.0,6,0.7734419381787787,0.7734419381787787,0.6514797410192132,0.3485202589807867,3,0.0
0.6719785575048698,0.7815692007797294,0.29126218323586617,0.6997569850552325,0.0,6,0.7815692007797294,0.7815692007797294,0.7087378167641338,0.29126218323586617,3,0.0
0.7285324422166557,0.7339014202172082,0.37038638262322077,0.6165096073517141,0.0,7,0.7339014202172082,0.7339014202172082,0.6296136173767792,0.37038638262322077,2,0.0
0.7347192054209675,0.6816179337231935,0.5010383597883759,0.6490585723568152,0.0,7,0.6816179337231935,0.6816179337231935,0.49896164021162415,0.5010383597883759,3,0.0
0.7048830409356668,0.6902603731551158,0.26581314397103734,0.6592670565302169,0.0,6,0.6902603731551158,0.6902603731551158,0.7341868560289626,0.26581314397103734,3,0.0
0.6965831244778636,0.7038930659983264,0.25774853801169506,0.5894781397939302,0.022222222222222213,6,0.7038930659983264,0.7038930659983264,0.7422514619883049,0.25774853801169506,2,0.022222222222222213
0.725309570221853,0.6594569757727639,0.41120927318296163,0.5629503388099876,0.0,7,0.6594569757727639,0.6594569757727639,0.5887907268170384,0.41120927318296163,2,0.0
0.6662949039264816,0.806088833194088,0.34454782790308414,0.5391978093381641,0.09376020298909124,6,0.806088833194088,0.806088833194088,0.6554521720969159,0.34454782790308414,2,0.09376020298909124
0.695994152046785,0.870204678362571,0.3099634502924038,0.4379844054580925,0.20855977116799998,6,0.870204678362571,0.870204678362571,0.6900365497075962,0.3099634502924038,2,0.20855977116799998
0.7133245149911819,0.8107101086048458,0.3065636313004732,0.39005959342801444,0.11070616565744619,6,0.8107101086048458,0.8107101086048458,0.6934363686995269,0.3065636313004732,2,0.11070616565744619
0.6486155202821866,0.7865343915343923,0.3624272486772429,0.3705432098765454,0.053077279386642764,6,0.7865343915343923,0.7865343915343923,0.6375727513227571,0.3624272486772429,1,0.053077279386642764
0.6554747981063799,0.7648162071846266,0.4905545112781943,0.24486605402395212,0.15619476504727164,6,0.7648162071846266,0.7648162071846266,0.5094454887218056,0.4905545112781943,1,0.15619476504727164
0.6439292676134774,0.7551294903926501,0.612132414369252,0.24382474705281518,0.11430265704567508,6,0.7551294903926501,0.7551294903926501,0.38786758563074797,0.612132414369252,1,0.11430265704567508
0.5984006312076477,0.6989264828738546,0.48737120579225796,0.409207277452888,0.011238313510542662,5,0.6989264828738546,0.6989264828738546,0.5126287942077421,0.48737120579225796,2,0.011238313510542662
0.6202311333890295,0.6362280701754353,0.32720446950710486,0.5052926761347817,0.0004033773704873352,6,0.6362280701754353,0.6362280701754353,0.6727955304928952,0.32720446950710486,2,0.0004033773704873352
0.6110266406757592,0.795136452241712,0.28135721247562895,0.4706380766731662,0.09328629243335479,5,0.795136452241712,0.795136452241712,0.718642787524371,0.28135721247562895,2,0.09328629243335479
0.623102664067572,0.8059161793372397,0.3445958646616326,0.5127600482688165,0.022499679924283204,6,0.8059161793372397,0.8059161793372397,0.6554041353383674,0.3445958646616326,2,0.022499679924283204
0.6951503759398496,0.7012489557226398,0.5742679615705951,0.5461798941798948,0.0888811996077209,6,0.7012489557226398,0.7012489557226398,0.4257320384294049,0.5742679615705951,2,0.0888811996077209
0.6457249605495226,0.6792272347535554,0.37860797827903203,0.518225378260466,0.07160957950432083,6,0.6792272347535554,0.6792272347535554,0.621392021720968,0.37860797827903203,2,0.07160957950432083
0.558959435626101,0.7033333333333333,0.2890782511835007,0.5122797735078455,5.569479253590385e-05,5,0.7033333333333333,0.7033333333333333,0.7109217488164993,0.2890782511835007,2,5.569479253590385e-05
0.5606321358952979,0.6961194653299886,0.4047733918128684,0.5081487050960722,0.01666666666666665,5,0.6961194653299886,0.6961194653299886,0.5952266081871316,0.4047733918128684,2,0.01666666666666665
0.5411723753829001,0.7204664438874971,0.31350772765246426,0.5561520467836248,0.01193383837677444,5,0.7204664438874971,0.7204664438874971,0.6864922723475357,0.31350772765246426,2,0.01193383837677444
0.48337556855101127,0.8485087719298154,0.2602363547758308,0.588244314489928,0.04031598809799325,4,0.8485087719298154,0.8485087719298154,0.7397636452241692,0.2602363547758308,2,0.04031598809799325
0.576512113617374,0.8909022556390974,0.3578038847117763,0.546273461431358,0.0843536130462764,5,0.8909022556390974,0.8909022556390974,0.6421961152882236,0.3578038847117763,2,0.0843536130462764
0.6338364429592475,0.7713018657755567,0.4535669033695279,0.5591686623967315,0.0,6,0.7713018657755567,0.7713018657755567,0.5464330966304721,0.4535669033695279,2,0.0
0.5981551099972162,0.7285602896129204,0.529589947089947,0.585529007704446,0.0,5,0.7285602896129204,0.7285602896129204,0.470410052910053,0.529589947089947,2,0.0
0.6208145363408549,0.6759064327485348,0.6421773182957452,0.6163152325257577,0.0,6,0.6759064327485348,0.6759064327485348,0.3578226817042548,0.6421773182957452,2,0.0
0.5728993780748136,0.7462921191868587,0.38589912280702543,0.6593660076116195,0.0,5,0.7462921191868587,0.7462921191868587,0.6141008771929746,0.38589912280702543,3,0.0
0.5425085862805189,0.7779379003063183,0.21689188248399255,0.6664622667780569,0.0,5,0.7779379003063183,0.7779379003063183,0.7831081175160075,0.21689188248399255,3,0.0
0.5531481481481481,0.7588888888888888,0.26736111111111077,0.6105185185185183,0.02027934188818268,5,0.7588888888888888,0.7588888888888888,0.7326388888888893,0.26736111111111077,2,0.02027934188818268
